kingdom	phylum	family	genus	specificepithet	country	stateprovince	county
plantae	magnoliophyta	poaceae	Panicum	laxiflorum	United States	Tennessee	Grundy
animalia	bryozoa	fenestellidae	Fenestella	carinata	United States	Iowa	Floyd County
animalia	arthropoda	carabidae	Cicindela	tenuicincta	United States	California	Inyo
plantae	charophyta	characeae	Chara	sp.	United States	Ohio	Delaware
plantae	bryophyta	pottiaceae	Syntrichia	norvegica	United States	California	Butte
plantae	magnoliophyta	poaceae	Melica	nitens	United States	Arkansas	Howard
fungi	basidiomycota	agaricaceae	Calvatia	cyathiformis	United States	California	Shasta
fungi	ascomycota	cladoniaceae	Cladonia	pleurota	Finland	Tavastia Australis	Lammi
plantae	chlorophyta	ulvaceae	Ulva	flexuosa	Sweden	Skåne	Malmö
plantae	charophyta	poaceae	Setaria	viridis	United States	Vermont	Chittenden
plantae	chlorophyta	cladophoraceae	Cladophora	flexuosa	United States	Maine	York Co.
animalia	porifera	halichondriidae	Halichondria	panicea	United States	Maine	Lincoln County
plantae	magnoliophyta	asteraceae	Kuhnia	eupatorioides	United States	Tennessee	Marshall
fungi	ascomycota	parmeliaceae	Xanthoparmelia	conspersa	United States	Virginia	Highland
plantae	spermatophyta	orchidaceae	Habenaria	lacera	United States	Kentucky	Fleming
animalia	echinodermata	holothuriidae	Holothuria	imitans	French Polynesia	Marquesas Islands	Tahuata Island
plantae	chlorophyta	ulvaceae	Ulva	flexuosa	Sweden	Halland	Träslöv
animalia	mollusca	unionidae	Uniomerus	carolinianus	United States	Georgia	Turner/Ben Hill County
plantae	rhodophyta	ceramiaceae	Scagelia	americana	United States	Connecticut	New Haven Co.
plantae	tracheophyta	asteraceae	Taraxacum	croceum	Norway	Rogaland	Suldal
plantae	bryophyta	sphagnaceae	Sphagnum	recurvum	United States	Alaska	South-Eastern Alaska
plantae	spermatophyta	fabaceae	Afzelia	cassioides	United States	South Carolina	Berkeley
plantae	chlorophyta	ulvaceae	Ulva	lactuca	United States	Washington	Island
plantae	magnoliophyta	asteraceae	Packera	fendleri	United States	Colorado	Weld
plantae	spermatophyta	fabaceae	Cercis	canadensis	United States	Georgia	Johnson
plantae	dicotyledon	asteraceae	Wedelia	paludosa	Brasil	Amazonas	Humaitá
animalia	chordata	cyprinidae	Notropis	rubellus	United States	New York	Oswego
animalia	mollusca	unionidae	Obliquaria	reflexa	United States	Ohio	Hamilton Co.
fungi	ascomycota	physciaceae	Physcia	americana	United States	Iowa	Washington
plantae	magnoliophyta	fabaceae	Calliandra	humilis	United States	Arizona	Coconino
plantae	spermatophyta	asteraceae	Coreopsis	major	United States	South Carolina	Williamsburg
animalia	mollusca	veneridae	Chione	erosa	United States	Florida	Okeechobee County
animalia	annelida	spionidae	Paraprionospio	pinnata	United States	California	Los Angeles County
animalia	arthropoda	formicidae	Myrmecocystus	mimicus	United States	Arizona	Pima
plantae	charophyta	characeae	Nitella	flexilis	Sweden	Vã¤Stergã¶Tland	Gã¶Teborg
plantae	tracheophyta	asteraceae	Artemisia	tridentata	United States	California	Mono
plantae	rhodophyta	corallinaceae	Heterodermia	obscurata	United States	West Virginia	Mcdowell
animalia	arthropoda	carabidae	Bembidion	bruxellense	Norway	Oppland	Gran
animalia	arthropoda	carabidae	Dicheirus	piceus	United States	California	Humboldt County
fungi	chytridiomycota	synchytriaceae	Synchytrium	decipiens	United States	Tennessee	Sevier
fungi	ascomycota	parmeliaceae	Melanelixia	fuliginosa	Sweden	Blekinge	Karlshamn
plantae	tracheophyta	poaceae	Festuca	rubra	United States	Oregon	Marion
plantae	rhodophyta	ceramiaceae	Ceramium	virgatum	Norway	Akershus	Frogn
animalia	cnidaria	acroporidae	Acropora	bushyensis	Mariana Islands	Guam	Guam Island
animalia	arthropoda	carabidae	Nebria	turmaduodecima	United States	California	Siskiyou
animalia	annelida	spionidae	Microspio	microcera	United States	Hawaii	Honolulu County
plantae	magnoliophyta	poaceae	Elymus	virginicus	United States	Texas	Cass
plantae	marchantiophyta	scapaniaceae	Scapania	apiculata	Sweden	Dalsland	Mo
animalia	mollusca	unionidae	Alasmidonta	undulata	United States	Massachusetts	Hampden
animalia	arthropoda	carabidae	Scaphinotus	new species	United States	California	Contra Costa
animalia	arthropoda	formicidae	Formica	pallidefulva	United States	New York	Putnam
plantae	charophyta	characeae	Nitella	furcata	United States	New Hampshire	Strafford Co.
plantae	bryophyta	sphagnaceae	Sphagnum	obtusiusculum	United Kingdom	Wales	Gwynedd
animalia	arthropoda	formicidae	Solenopsis	texana	United States	Texas	Houston
animalia	arthropoda	apidae	Bombus	sp.	India	[Not Stated]	[Not Stated]
plantae	tracheophyta	asteraceae	Ratibida	columnifera	United States	Texas	Presidio
animalia	chordata	plethodontidae	Pseudotriton	ruber	United States	New Jersey	Burlington County
plantae	charophyta	poaceae	Bromus	inermis	United States	Massachusetts	Franklin
plantae	chlorophyta	cladophoraceae	Cladophora	flexuosa	United States	Connecticut	New London County
plantae	magnoliophyta	asteraceae	Krigia	cespitosa	United States	Georgia	Sumter County
plantae	dicotyledon	myrtaceae	Myrcia	bracteata	Brasil	Roraima	Amajarí
plantae	chlorophyta	caulerpaceae	Caulerpa	sertularioides	Puerto Rico	Lajas	Costa
animalia	chordata	cyprinidae	Notropis	ardens	United States	North Carolina	Person County
animalia	brachiopoda	spirigerellidae	Composita	elongata	United States	Missouri	Grundy
plantae	chlorophyta	caulerpaceae	Caulerpa	brachypus	Australia	Queensland	Noosa Shire
plantae	spermatophyta	asteraceae	Coreopsis	pubescens	United States	North Carolina	Ashe
animalia	annelida	nereididae	Alitta	succinea	Mexico	Michoacan De Ocampo	Aquila
plantae	magnoliophyta	asteraceae	Symphyotrichum	ericoides	United States	Missouri	Dallas County
fungi	chytridiomycota	synchytriaceae	Synchytrium	johansonii	Sweden	Oland	Kalmar
animalia	arthropoda	carabidae	Pericompsus	laetulus	United States	Arizona	Cochise
plantae	spermatophyta	fabaceae	Thermopsis	villosa	United States	North Carolina	Swain
animalia	brachiopoda	spiriferidae	Spirifer	niagarensis	United States	New York	Niagara County
plantae	rhodophyta	ceramiaceae	Ceramium	cimbricum	United States	Massachusetts	Norfolk County
fungi	basidiomycota	agaricaceae	Agaricus	sylvaticus	United States	New York	Greene
plantae	rhodophyta	rhodomelaceae	Laurencia	pinnatifida	Morocco	Tanger-Tétouan	Province De Fahs-Anjra
plantae	marchantiophyta	lejeuneaceae	Lejeunea	raddiana	Peru	Loreto	Maynas
animalia	chordata	cricetidae	Peromyscus	maniculatus	United States	Idaho	Blaine
plantae	magnoliophyta	asteraceae	Conyza	canadensis	United States	Mississippi	Clarke
plantae	tracheophyta	fabaceae	Medicago	lupulina	United States	Missouri	Boone County
plantae	magnoliophyta	fabaceae	Swartzia	yatuensis	Brazil	Amazonas	São Paulo De Olivença Mun.
fungi	ascomycota	parmeliaceae	Alectoria	jubata	United States	Michigan	Cheboygan
plantae	tracheophyta	fabaceae	Mimosa	quadrivalvis	United States	Louisiana	Caldwell
plantae	bryophyta	sphagnaceae	Sphagnum	recurvum	United States	Florida	Seminole
plantae	bryophyta	pottiaceae	Pterygoneurum	subsessile	United States	Kansas	Seward
fungi	basidiomycota	polyporaceae	Fomes	igniarius	Canada	Ontario	Parry Sound
plantae	bryophyta	pottiaceae	Globulinella	peruviana	Mexico	Mexico	Amecameca
animalia	mollusca	unionidae	Leptodea	fragilis	United States	Alabama	Jefferson County
plantae	tracheophyta	fabaceae	Lupinus	subvexus	United States	Oregon	Harney
plantae	charophyta	poaceae	Hystrix	patula	United States	New York	Madison
plantae	magnoliophyta	asteraceae	Arnica	cordifolia	United States	Colorado	Gunnison
plantae	charophyta	fabaceae	Trifolium	arvense	United States	Connecticut	New Haven County
animalia	brachiopoda	spiriferidae	Neospirifer	subfasciger	United States	Oklahoma	Carter
animalia	mollusca	muricidae	Favartia	levicula	United States	Florida	Gulf County
animalia	bryozoa	smittinidae	Parasmittina	signata	United States	Georgia	Mcintosh County
plantae	rhodophyta	rhodomelaceae	Womersleyella	pacifica	United States	Hawaii	Honolulu
plantae	charophyta	characeae	Chara	hispida	France	Île-De-France	Val-D'Oise
animalia	annelida	syllidae	Exogone	lourei	United States	California	Alameda County
plantae	dicotyledon	myrtaceae	Eugenia	florida	Peru	Madre De Dios	Manu
plantae	chlorophyta	ulvaceae	Ulva	intestinalis	United States	Nebraska	Kearney County
plantae	marchantiophyta	scapaniaceae	Scapania	scandica	Norway	Trøndelag	Trondheim
plantae	bryophyta	dicranaceae	Campylopus	flexuosus	Norway	Rogaland	Karmøy
plantae	marchantiophyta	scapaniaceae	Diplophyllum	obtusifolium	United States	California	Del Norte County
plantae	magnoliophyta	asteraceae	Microseris	nutans	United States	Oregon	Harney
plantae	charophyta	poaceae	Bromus	racemosus	United States	Maine	Cumberland
plantae	bryophyta	dicranaceae	Leucobryum	albidum	United States	Pennsylvania	Berks
plantae	marchantiophyta	scapaniaceae	Lophozia	ventricosa	Sweden	Torne Lappmark	Jukkasjärvi
animalia	chordata	plethodontidae	Ensatina	eschscholtzii	United States	California	San Luis Obispo County
animalia	mollusca	unionidae	Obliquaria	reflexa	United States	Minnesota	Hennepin
plantae	chlorophyta	ulvaceae	Ulva	clathrata	United States	Puerto Rico	Boca
plantae	dicotyledon	asteraceae	Vernonia	condensata	Brasil	Rondônia	Porto Velho
animalia	annelida	spionidae	Boccardiella	hamata	United States	California	Contra Costa County
animalia	chordata	cyprinidae	Campostoma	anomalum	United States	Arkansas	Montgomery
plantae	dicotyledon	asteraceae	Vernonia	puberula	Brasil	Paraná	Antonina
animalia	arthropoda	apidae	Bombus	huntii	United States	Utah	Washington
plantae	spermatophyta	asteraceae	Coreopsis	mutica	Mexico	Chiapas	Amatenango Del Valle Municipio
plantae	rhodophyta	rhodomelaceae	Lophosiphonia	obscura	United States	California	San Diego County
animalia	mollusca	unionidae	Quadrula	pustulosa	United States	Michigan	Kent County
plantae	chlorophyta	cladophoraceae	Chaetomorpha	linum	France	Normandie	Manche
plantae	bryophyta	sphagnaceae	Sphagnum	palustre	United States	New York	Hamilton Co.
plantae	marchantiophyta	frullaniaceae	Frullania	riparia	United States	Tennessee	Blount
animalia	annelida	nereididae	Ceratonereis	irritabilis	Mexico	Veracruz De Ignacio De La Llave	Tampico Alto
animalia	arthropoda	apidae	Trigona	fulviventris	Mexico	Yucatan	Tizimin
plantae	dicotyledon	myrtaceae	Eugenia	chrysantha	Brasil	Mato Grosso	São Felix Do Aragauia
plantae	charophyta	fabaceae	Genista	tinctoria	United States	Connecticut	Fairfield County
plantae	marchantiophyta	scapaniaceae	Scapania	curta	Sweden	Norrbotten	Övertorneå
plantae	marchantiophyta	frullaniaceae	Frullania	kunzei	United States	Georgia	Coffee Co.
animalia	chordata	plethodontidae	Desmognathus	imitator	United States	Tennessee	Cocke
animalia	brachiopoda	rugosochonetidae	Mesolobus	lioderma	United States	Kansas	Labette
fungi	zygomycota	legeriomycetaceae	Smittium	kansense	United States	Kansas	Anderson
plantae	marchantiophyta	scapaniaceae	Scapania	undulata	United States	Washington	Mason
plantae	tracheophyta	poaceae	Aristida	oligantha	United States	Indiana	Jennings
plantae	chlorophyta	cladophoraceae	Cladophora	rupestris	Sweden	Skåne	Stora Hammar
fungi	chytridiomycota	physodermataceae	Physoderma	menyanthis	United States	Colorado	Jackson
animalia	brachiopoda	spiriferidae	Spirifer	parryanus	United States	Iowa	Muscatine County
plantae	charophyta	poaceae	Elymus	canadensis	United States	Massachusetts	Hampden
animalia	brachiopoda	spiriferidae	Spirifer	radiatus	United States	Indiana	Shelby
animalia	chordata	cyprinidae	Notemigonus	crysoleucas	United States	Kansas	Lyon
plantae	tracheophyta	asteraceae	Silphium	compositum	United States	South Carolina	York
plantae	chlorophyta	cladophoraceae	Rhizoclonium	riparium	United States	Maine	Washington
plantae	tracheophyta	asteraceae	Smallanthus	uvedalia	Mexico	Veracruz	Córdoba Mun.
plantae	chlorophyta	cladophoraceae	Arnoldiella	crassa	United States	Michigan	Washtenaw
fungi	basidiomycota	polyporaceae	Pycnoporus	cinnabarinus	United States	Massachusetts	Norfolk
animalia	annelida	syllidae	Syllides	reishi	United States	California	Santa Barbara County
fungi	basidiomycota	polyporaceae	Polyporus	arcularius	United States	Florida	Highlands County
fungi	basidiomycota	polyporaceae	Trametes	cervina	United States	New York	St. Lawrence
fungi	ascomycota	cladoniaceae	Cladonia	squamosa	United States	New York	Jefferson Co.
plantae	charophyta	fabaceae	Cassia	nictitans	United States	New Hampshire	Cheshire
plantae	spermatophyta	fabaceae	Trifolium	arvense	United States	North Carolina	Person
animalia	chordata	cyprinidae	Pimephales	notatus	United States	Tennessee	Hardin
animalia	chordata	cricetidae	Microtus	pennsylvanicus	Canada	Ontario	Parry Sound
plantae	spermatophyta	fabaceae	Pediomelum	argophyllum	United States	Minnesota	Kittson
animalia	brachiopoda	spiriferidae	Spirifer	schmidti	Sweden	Gotland	Lau
plantae	tracheophyta	poaceae	Muhlenbergia	angustata	Peru	La Libertad	Santiago De Chuco
plantae	tracheophyta	asteraceae	Senecio	triangularis	United States	Washington	Kittitas Co.
plantae	chlorophyta	cladophoraceae	Cladophora	sericea	Sweden	Skåne	Helsingborg
animalia	chordata	plethodontidae	Plethodon	cinereus	United States	Maryland	Montgomery
animalia	mollusca	unionidae	Amblema	plicata	United States	Arkansas	Clay County
plantae	bryophyta	dicranaceae	Dicranella	subulata	United States	Maine	Oxford Co.
animalia	chordata	plethodontidae	Desmognathus	fuscus	United States	Kentucky	Lawrence
animalia	chordata	cyprinidae	Lythrurus	fumeus	United States	Texas	Harris
animalia	porifera	chalinidae	Haliclona	caerulea	Mexico	Nayarit	Bahia De Banderas
plantae	rhodophyta	rhodomelaceae	Odonthalia	corymbifera	United States	Washington	Island
plantae	bryophyta	dicranaceae	Dicranella	subulata	Sweden	Jämtland	Åre
fungi	basidiomycota	polyporaceae	Trametes	hirsuta	United States	Washington	King Co.
animalia	porifera	halichondriidae	Halichondria	magniconolosa	United States	California	Alameda County
plantae	tracheophyta	asteraceae	Symphyotrichum	subulatus	United States	Kansas	Barber
plantae	charophyta	poaceae	Bromus	tectorum	United States	Rhode Island	Bristol
plantae	spermatophyta	fabaceae	Lupinus	albifrons	United States	California	San Benito County
plantae	tracheophyta	fabaceae	Chamaecrista	fasciculata	United States	Missouri	Lafayette
animalia	echinodermata	holothuriidae	Actinopyga	varians	Mariana Islands	Commonwealth Of The Northern Mariana Islands	Saipan Island
fungi	chytridiomycota	physodermataceae	Physoderma	dulichii	United States	Michigan	Cheboygan Co.
plantae	rhodophyta	rhodomelaceae	Herposiphonia	obscura	United States	Hawaii	Honolulu
plantae	charophyta	poaceae	Panicum	agrostoides	United States	Massachusetts	Middlesex
plantae	tracheophyta	poaceae	Piptochaetium	avenaceum	United States	Maryland	Prince George'S
plantae	charophyta	characeae	Chara	globularis	Sweden	Ã–Stergã¶Tland	Vikingstad
plantae	tracheophyta	asteraceae	Anaphalis	margaritacea	United States	Idaho	Idaho
plantae	chlorophyta	cladophoraceae	Chaetomorpha	picquotiana	United States	New Hampshire	Rockingham
animalia	mollusca	muricidae	Pterorytis	conradi	United States	North Carolina	Columbus County
animalia	mollusca	unionidae	Potamilus	alatus	United States	Illinois	Lawrence
animalia	cnidaria	faviidae	Solenastrea	hyades	United States	Florida	Citrus County
plantae	chlorophyta	cladophoraceae	Chaetomorpha	picquotiana	United States	Massachusetts	Dukes
plantae	marchantiophyta	frullaniaceae	Frullania	asagrayana	United States	North Carolina	Stanly Co.
animalia	arthropoda	formicidae	Pheidole	gracilipes	Mozambique	Sofala	Gorongosa
animalia	arthropoda	formicidae	Crematogaster	minutissima	United States	Mississippi	Winston
fungi	basidiomycota	agaricaceae	Lycoperdon	pyriforme	United States	Iowa	Wayne
plantae	magnoliophyta	poaceae	Phleum	alpinum	United States	Nevada	Washoe
plantae	charophyta	poaceae	Phleum	pratense	United States	Maine	Washington
fungi	ascomycota	parmeliaceae	Parmotrema	crinitum	United States	North Carolina	Jackson Co.
plantae	spermatophyta	asteraceae	Ionactis	linariifolius	United States	South Carolina	Florence
fungi	ascomycota	physciaceae	Anaptychia	palmulata	United States	Georgia	Rabun
plantae	tracheophyta	poaceae	Hordeum	pusillum	United States	Virginia	Isle Of Wight
plantae	tracheophyta	fabaceae	Strophostyles	helvola	United States	New York	Suffolk County
plantae	bryophyta	sphagnaceae	Sphagnum	fuscum	Canada	Ontario	Leeds
plantae	charophyta	poaceae	Bromus	tectorum	United States	Connecticut	New London County
animalia	mollusca	unionidae	Alasmidonta	marginata	United States	Minnesota	Olmsted
fungi	basidiomycota	pucciniaceae	Puccinia	podophylli	United States	Ohio	Franklin
plantae	tracheophyta	fabaceae	Hosackia	rosea	United States	Oregon	Benton
plantae	charophyta	fabaceae	Lupinus	perennis	United States	Maine	Oxford
animalia	mollusca	muricidae	Boreotrophon	bentleyi	United States	California	San Diego Co.
plantae	magnoliophyta	poaceae	Tridens	muticus	United States	Texas	Uvalde
animalia	mollusca	muricidae	Ceratostoma	foliatum	United States	California	Del Norte Co.
plantae	spermatophyta	orchidaceae	Habenaria	ciliaris	United States	North Carolina	Macon County
plantae	spermatophyta	asteraceae	Madia	elegans	United States	California	Mendocino County
animalia	chordata	plethodontidae	Plethodon	glutinosus	United States	Alabama	Macon
animalia	arthropoda	carabidae	Cicindela	sexguttata	United States	Connecticut	Litchfield County
fungi	basidiomycota	agaricaceae	Cyathus	striatus	United States	Minnesota	Dakota
animalia	arthropoda	apidae	Bombus	huntii	United States	Washington	Whitman
animalia	cnidaria	acroporidae	Acropora	palmata	United States	North Carolina	Brunswick County
fungi	ascomycota	cladoniaceae	Cladonia	coniocraea	United States	New Hampshire	Grafton
plantae	spermatophyta	fabaceae	Lathyrus	pedunculatus	United States	Idaho	Kootenai County
plantae	dicotyledon	myrtaceae	Myrcia	bracteata	Brasil	Pará	Juruti
plantae	bryophyta	pottiaceae	Crumia	latifolia	United States	New Mexico	Grant
plantae	magnoliophyta	fabaceae	Senna	reticulata	Bolivia	El Beni	José Ballivián (Prov.)
fungi	ascomycota	parmeliaceae	Usnea	strigosa	United States	Louisiana	Washington
plantae	spermatophyta	fabaceae	Galactia	glabella	United States	South Carolina	Darlington
fungi	basidiomycota	agaricaceae	Calvatia	cyathiformis	United States	Pennsylvania	Allegheny Co.
animalia	cnidaria	faviidae	Caulastraea	matheroni	France	Aquitaine	Landes
animalia	arthropoda	carabidae	Dicaelus	teter	United States	Pennsylvania	Westmoreland
plantae	charophyta	characeae	Chara	aspera	Sweden	Blekinge	Tjurkã¶
fungi	ascomycota	parmeliaceae	Bryoria	nadvornikiana	Sweden	Värmland	Dalby
plantae	spermatophyta	asteraceae	Coreopsis	mutica	Mexico	Chiapas	Zinacantan Municipio
animalia	echinodermata	holothuriidae	Bohadschia	vitiensis	Mariana Islands	Guam	Guam Island
plantae	magnoliophyta	poaceae	Panicum	boscii	United States	Pennsylvania	Berks
fungi	chytridiomycota	physodermataceae	Physoderma	maydis	United States	Illinois	Piatt
animalia	mollusca	veneridae	Compsomyax	subdiaphana	United States	Washington	Kitsap County
plantae	tracheophyta	poaceae	Isachne	globosa	Sri Lanka	Western	Colombo
animalia	arthropoda	apidae	Peponapis	pruinosa	United States	Indiana	Tippecanoe
plantae	spermatophyta	asteraceae	Eurybia	spectabilis	United States	Massachusetts	Nantucket
plantae	bryophyta	pottiaceae	Leptodontium	viticulosoides	Mexico	Oaxaca	San Mateo Del Mar
fungi	ascomycota	parmeliaceae	Hypotrachyna	mcmulliniana	United States	Florida	Lafayette Co.
plantae	tracheophyta	poaceae	Briza	media	Norway	Innlandet	Østre Toten
fungi	basidiomycota	agaricaceae	Echinoderma	asperum	United States	North Carolina	Wake
plantae	chlorophyta	cladophoraceae	Cladophora	rupestris	Denmark	Samsø Area	Sa
fungi	ascomycota	parmeliaceae	Xanthoparmelia	mexicana	United States	South Dakota	Pennington
animalia	arthropoda	formicidae	Lasius	interjectus	United States	Illinois	Mcdonough
fungi	fungi	family unknown	Sterile	sorediate crust	United States	Tennessee	Carter Co.
animalia	chordata	cricetidae	Reithrodontomys	fulvescens	United States	Oklahoma	Comanche
fungi	ascomycota	physciaceae	Phaeophyscia	rubropulchra	United States	Wisconsin	Washburn
plantae	chlorophyta	caulerpaceae	Caulerpa	mexicana	United States	Florida	Franklin
fungi	zygomycota	rhizopodaceae	Syzygites	megalocarpus	United States	Michigan	Washtenaw
animalia	arthropoda	carabidae	Acupalpus	tener	United States	New Jersey	Middlesex County
plantae	bryophyta	sphagnaceae	Sphagnum	palustre	United States	Alabama	Cleburne County
animalia	arthropoda	carabidae	Anisodactylus	rusticus	United States	Colorado	Logan County
plantae	bryophyta	pottiaceae	Gymnostomum	aeruginosum	Norway	Vestland	Bømlo
plantae	spermatophyta	fabaceae	Trifolium	arvense	United States	North Carolina	Buncombe
plantae	charophyta	fabaceae	Trifolium	medium	United States	Maine	Kennebec
fungi	chytridiomycota	physodermataceae	Physoderma	menyanthis	United States	New Jersey	Warren Co.
plantae	charophyta	characeae	Chara	horrida	Sweden	Gotland	Othem
fungi	ascomycota	parmeliaceae	Usnea	subfloridana	Norway	Nord-Trøndelag	Grong
plantae	marchantiophyta	scapaniaceae	Scapania	bolanderi	United States	Washington	Snohomish
fungi	ascomycota	cladoniaceae	Cladonia	arbuscula	United States	Maine	Oxford
fungi	basidiomycota	agaricaceae	Tulostoma	berkeleyi	United States	Texas	Eastland
fungi	basidiomycota	polyporaceae	Poria	marginella	United States	Michigan	Keweenaw
plantae	spermatophyta	fabaceae	Trifolium	arvense	United States	Arkansas	Lee
fungi	cyanobacteria	scytonemataceae	Scytonema	hofmannii	Papua New Guinea	Morobe	Finschhafen
plantae	magnoliophyta	poaceae	Panicum	acuminatum	United States	Mississippi	Amite
fungi	zygomycota	legeriomycetaceae	Smittium	cellaspora	United States	Missouri	Polk County
animalia	cnidaria	faviidae	Placocoenia	lanquinei	France	Languedoc-Roussillon	Aude
animalia	arthropoda	formicidae	Pheidole	pilifera	United States	Arizona	Cochise
fungi	basidiomycota	pucciniaceae	Puccinia	punctata	Sweden	Uppland	Blidö
fungi	ascomycota	cladoniaceae	Cladonia	foliacea	Sweden	Öland	Torslunda
plantae	rhodophyta	corallinaceae	Lithophyllum	whidbeyense	United States	California	Humboldt
fungi	cyanobacteria	scytonemataceae	Scytonema	hofmannii	United States	Idaho	Clearwater
animalia	mollusca	veneridae	Chione	elevata	United States	Florida	Pinellas County
fungi	ascomycota	cladoniaceae	Cladonia	macilenta	Norway	Stfold	Aremark
animalia	annelida	nereididae	Neanthes	sp.	Brasil	Ceará	Caucaia
animalia	chordata	cyprinidae	Notropis	stramineus	United States	Ohio	Knox
plantae	charophyta	poaceae	Holcus	lanatus	United States	Rhode Island	Washington
animalia	mollusca	unionidae	Elliptio	dilatata	United States	Missouri	Crawford Co
plantae	spermatophyta	asteraceae	Mikania	scandens	United States	South Carolina	Bamberg
plantae	tracheophyta	asteraceae	Brickellia	californica	United States	New Mexico	Hidalgo County
plantae	tracheophyta	poaceae	Triticum	aestivum	United States	Pennsylvania	Bucks
fungi	ascomycota	physciaceae	Physconia	muscigena	United States	South Dakota	Custer
animalia	annelida	spionidae	Dipolydora	socialis	Mexico	Sonora	Guaymas
fungi	ascomycota	parmeliaceae	Punctelia	subrudecta	United States	Ohio	Wayne
fungi	ascomycota	cladoniaceae	Cladonia	uncialis	Finland	Nylandia	Helsinki
animalia	arthropoda	apidae	Centris	rhodopus	United States	Arizona	Mohave
plantae	spermatophyta	orchidaceae	Maxillaria	pardalina	Ecuador	Pichincha	Quito
animalia	chordata	cyprinidae	Pimephales	notatus	United States	Kentucky	Bell
plantae	spermatophyta	asteraceae	Kyhosia	bolanderi	United States	California	El Dorado County
plantae	dicotyledon	asteraceae	Mikania	cordifolia	Brasil	Pará	Oriximinã
fungi	basidiomycota	polyporaceae	Polyporus	brumalis	Sweden	Närke	Stora Mellösa
fungi	ascomycota	physciaceae	Phaeophyscia	hirsuta	United States	Kansas	Trego
plantae	chlorophyta	caulerpaceae	Caulerpa	microphysa	Philippines	Central Visayas	Negros Oriental
animalia	chordata	cricetidae	Peromyscus	eremicus	United States	California	Imperial Co
plantae	marchantiophyta	scapaniaceae	Lophozia	alpestris	Sweden	Halland	Breared
animalia	brachiopoda	rugosochonetidae	Chonetinella	gibberulus	United States	Nebraska	Cass County
fungi	ascomycota	physciaceae	Dimelaena	oreina	United States	North Carolina	Anson
fungi	chytridiomycota	synchytriaceae	Synchytrium	cerastii	United States	Mississippi	Alcorn Co.
plantae	magnoliophyta	asteraceae	Bahia	nudicaulis	United States	Colorado	Mesa Co.
animalia	arthropoda	apidae	Eucera	actuosa	United States	California	Lassen
plantae	dicotyledon	asteraceae	Vernonia	simplex	Brasil	Mato Grosso	Diamantino
animalia	arthropoda	apidae	Bombus	transversalis	Peru	Loreto	None
plantae	charophyta	poaceae	Cinna	latifolia	United States	New Hampshire	Coos
fungi	basidiomycota	polyporaceae	Polyporus	dictyopus	United States	New York	Essex
animalia	arthropoda	carabidae	Cylindera	lemniscata	United States	Arizona	Pima
plantae	rhodophyta	rhodomelaceae	Polysiphonia	stricta	Denmark	The Sound	Su
plantae	rhodophyta	rhodomelaceae	Laurencia	paniculata	United States	California	San Diego County
animalia	brachiopoda	spiriferidae	Neospirifer	cameratus	United States	Ohio	Muskingum County
animalia	porifera	microcionidae	Clathria	prolifera	United States	Connecticut	New London County
animalia	arthropoda	formicidae	Typhlomyrmex	rogenhoferi	Peru	Madre De Dios	Tambopata
plantae	magnoliophyta	fabaceae	Senna	armata	United States	California	San Bernardino
plantae	tracheophyta	fabaceae	Tephrosia	cinerea	Mexico	Campeche	Carmen
animalia	cnidaria	faviidae	Favites	abdita	Mariana Islands	Guam	Guam Island
plantae	rhodophyta	corallinaceae	Jania	subulata	United States	Texas	Cameron
animalia	chordata	cricetidae	Peromyscus	guatemalensis	Mexico	Chiapas	Union Juarez
plantae	charophyta	characeae	Nitella	opaca	Sweden	Skã¥Ne	Kristianstad
plantae	dicotyledon	asteraceae	Vernonia	scorpioides	Brasil	Pará	Quatipurú
plantae	dicotyledon	asteraceae	Mikania	parviflora	Brasil	Amazonas	Manaus
plantae	bryophyta	sphagnaceae	Sphagnum	quinquefarium	United States	Maine	Washington Co.
fungi	basidiomycota	polyporaceae	Neolentinus	lepideus	United States	Michigan	Cheboygan Co.
plantae	rhodophyta	ceramiaceae	Pterothamnion	pectinatum	United States	Washington	San Juan County
plantae	tracheophyta	poaceae	Muhlenbergia	californica	United States	California	Los Angeles Co.
plantae	marchantiophyta	scapaniaceae	Scapania	undulata	United States	Pennsylvania	Fayette
animalia	arthropoda	carabidae	Cicindela	formosa	United States	New Jersey	Ocean County
animalia	mollusca	muricidae	Murichorda	fiscellum	Vanuatu	Shefa	Efate
animalia	arthropoda	formicidae	Formica	good	United States	Colorado	Chaffee
plantae	bryophyta	dicranaceae	Paraleucobryum	longifolium	United States	New Mexico	Cibola
plantae	magnoliophyta	fabaceae	Melilotus	indica	United States	Arizona	Apache
fungi	basidiomycota	polyporaceae	Perenniporia	ellipsospora	United States	North Carolina	Graham
plantae	spermatophyta	orchidaceae	Maxillaria	arbuscula	Peru	Amazonas	Chachapoyas
plantae	spermatophyta	fabaceae	Galactia	glabella	United States	Florida	Hillsborough
plantae	bryophyta	pottiaceae	Syntrichia	fragilis	Bolivia	Santa Cruz	Vallegrande
animalia	arthropoda	formicidae	Camponotus	snellingi	United States	Louisiana	Bossier
fungi	chytridiomycota	physodermataceae	Physoderma	maydis	United States	Illinois	Wayne
animalia	arthropoda	carabidae	Bothriopterus	angusticollis	United States	Utah	[Not Stated]
animalia	brachiopoda	spiriferidae	Neospirifer	dunbari	United States	Kansas	Montgomery
animalia	chordata	plethodontidae	Plethodon	cinereus	United States	North Carolina	Mitchell - Unicoi
plantae	dicotyledon	asteraceae	Mikania	congesta	Brasil	Pará	Oriximinã
plantae	tracheophyta	asteraceae	Dyssodia	papposa	United States	Missouri	Stone
plantae	rhodophyta	corallinaceae	Jania	subulata	United States	Texas	Nueces
fungi	fungi	family unknown	Sterile	sorediate crust	Canada	Quebec	M.R.C. De La Haute-Gaspésie
animalia	arthropoda	apidae	Bombus	kirbyellus	United States	Colorado	Clear Creek
plantae	dicotyledon	asteraceae	Mikania	reticulata	Brasil	Minas Gerais	Diamantina
fungi	ascomycota	cladoniaceae	Cladonia	peziziformis	United States	Vermont	No Data
fungi	basidiomycota	pucciniaceae	Puccinia	minussensis	United States	South Dakota	Walworth
animalia	arthropoda	formicidae	Myrmica	detritinodis	United States	Maine	Hancock
animalia	arthropoda	apidae	Bombus	bimaculatus	United States	Ohio	Warren
animalia	arthropoda	apidae	Bombus	ternarius	United States	Wisconsin	Lincoln Co.
animalia	chordata	cricetidae	Peromyscus	truei	United States	California	Kern County
plantae	spermatophyta	asteraceae	Stebbinsoseris	heterocarpa	United States	California	San Luis Obispo County
plantae	bryophyta	sphagnaceae	Sphagnum	rubellum	United States	New York	Franklin
animalia	arthropoda	carabidae	Calathus	calathus ruficollis	United States	California	San Diego County
fungi	ascomycota	cladoniaceae	Cladonia	coccifera	Norway	Rogaland	H?
animalia	chordata	cyprinidae	Notropis	rubricroceus	United States	North Carolina	Henderson
plantae	spermatophyta	asteraceae	Dieteria	asteroides	Mexico	Baja California	Ensenada Municipality
plantae	spermatophyta	fabaceae	Trifolium	pratense	United States	Minnesota	Carlton
fungi	zygomycota	mucoraceae	Pirella	circinans	United States	California	Butte
plantae	bryophyta	dicranaceae	Leucobryum	glaucum	United States	Michigan	Cheboygan
plantae	magnoliophyta	asteraceae	Coreopsis	rosea	United States	New York	Suffolk Co.
animalia	arthropoda	formicidae	Lasius	sitiens	United States	New Mexico	Rio Arriba
animalia	brachiopoda	rugosochonetidae	Mesolobus	mesolobus	United States	Oklahoma	Johnston
plantae	marchantiophyta	lejeuneaceae	Rectolejeunea	denudata	Venezuela	Mérida	Campo Elias
fungi	basidiomycota	pucciniaceae	Puccinia	vaginata	Norway	Trøndelag	Midtre Gauldal
animalia	arthropoda	apidae	Bombus	insularis	United States	Oregon	Benton
plantae	charophyta	characeae	Chara	vulgaris	United States	Michigan	Mecosta
animalia	annelida	nereididae	Nereis	vexillosa	United States	Washington	San Juan County
plantae	spermatophyta	fabaceae	Lupinus	albifrons	United States	California	Butte
plantae	spermatophyta	fabaceae	Lupinus	caespitosus	United States	Colorado	Routt
plantae	marchantiophyta	scapaniaceae	Scapania	undulata	United States	Louisiana	Natchitoches
plantae	chlorophyta	caulerpaceae	Caulerpa	sedoides	Australia	South Australia	District Council Of Grant
animalia	arthropoda	formicidae	Pogonomyrmex	barbatus	United States	Texas	Kleberg
plantae	spermatophyta	asteraceae	Encelia	palmeri	Mexico	Sonora	Hermosillo Municipality
plantae	chlorophyta	cladophoraceae	Chaetomorpha	linum	United States	Connecticut	New London
plantae	rhodophyta	ceramiaceae	Ceramium	diaphanum	United States	Florida	Saint Johns Co.
animalia	arthropoda	apidae	Scaptotrigona	pectoralis	Mexico	Chiapas	San Juan Cancuc
plantae	spermatophyta	orchidaceae	Liparis	luteola	China	Sichuan	Nanchong County
animalia	arthropoda	carabidae	Chlaenius	sericeus	United States	Utah	Wayne
plantae	spermatophyta	orchidaceae	Malaxis	unifolia	United States	North Carolina	Beaufort
plantae	marchantiophyta	lejeuneaceae	Lejeunea	flava	United States	Georgia	Liberty
fungi	ascomycota	parmeliaceae	Pseudephebe	minuscula	Norway	Buskerud	Hol
plantae	rhodophyta	rhodomelaceae	Polysiphonia	denudata	United States	New Hampshire	Rockingham
plantae	marchantiophyta	frullaniaceae	Frullania	riparia	United States	Indiana	Putnam
plantae	chlorophyta	ulvaceae	Ulva	californica	United States	California	Los Angeles County
fungi	zygomycota	rhizopodaceae	Rhizopus	arrhizus	United States	Georgia	Tift
plantae	chlorophyta	cladophoraceae	Cladophora	flexuosa	United States	Maine	Hancock County
plantae	spermatophyta	asteraceae	Arnica	dealbata	United States	California	Tuolumne County
animalia	arthropoda	apidae	Anthophora	affabilis	United States	Utah	Tooele
animalia	echinodermata	holothuriidae	Holothuria	edulis	Federated States Of Micronesia	Kosrae State	Kosrae Island
animalia	chordata	cyprinidae	Notropis	chalybaeus	United States	Florida	Okaloosa
plantae	spermatophyta	orchidaceae	Malaxis	unifolia	United States	Tennessee	Grundy
animalia	arthropoda	apidae	Bombus	caliginosus	United States	California	Tulare County
plantae	marchantiophyta	frullaniaceae	Frullania	eboracensis	United States	Maryland	Montgomery Co.
plantae	magnoliophyta	fabaceae	Dalea	albiflora	United States	Arizona	Gila
animalia	brachiopoda	rugosochonetidae	Lissochonetes	superba	United States	Texas	San Saba
plantae	magnoliophyta	asteraceae	Lactuca	canadensis	United States	Wisconsin	Burnett
plantae	tracheophyta	poaceae	Paspalum	floridanum	United States	Louisiana	Saint Tammany
fungi	glomeromycota	glomeraceae	Funneliformis	geosporum	Mexico	Veracruz De Ignacio De La Llave	Soteapan
animalia	chordata	cyprinidae	Chrosomus	erythrogaster	United States	Tennessee	Hickman County
animalia	cnidaria	acroporidae	Diplocoenia	rotularis	France	Lorraine	Meuse
plantae	tracheophyta	poaceae	Ctenium	aromaticum	United States	South Carolina	Dorchester
fungi	basidiomycota	pucciniaceae	Uromyces	lineolatus	United States	Iowa	Story
plantae	rhodophyta	rhodomelaceae	Odonthalia	floccosa	United States	California	Del Norte
plantae	magnoliophyta	poaceae	Danthonia	spicata	United States	North Carolina	Madison
animalia	echinodermata	amphiuridae	Amphiodia	psara	United States	California	Santa Barbara County
animalia	arthropoda	carabidae	Cicindela	repanda	United States	Texas	Cherokee
plantae	rhodophyta	ceramiaceae	Ceramium	virgatum	Norway	Agder	Lindesnes
plantae	bryophyta	sphagnaceae	Sphagnum	magellanicum	Sweden	Skåne	Osby
plantae	bryophyta	sphagnaceae	Sphagnum	platyphyllum	United States	Alaska	Kenai Peninsula
animalia	arthropoda	formicidae	Nylanderia	natalenis	United States	Florida	Orange
fungi	basidiomycota	pucciniaceae	Puccinia	xanthii	United States	New York	Delaware Co.
animalia	chordata	plethodontidae	Plethodon	kentucki	United States	Kentucky	Harlan Co
fungi	basidiomycota	agaricaceae	Lepiota	alluviina	United States	Iowa	Dickinson
plantae	magnoliophyta	poaceae	Phleum	pratense	United States	Kentucky	Madison
animalia	brachiopoda	spirigerellidae	Composita	subtilita	United States	Texas	Palo Pinto County
plantae	marchantiophyta	scapaniaceae	Scapania	mucronata	Canada	Ontario	Peterborough
fungi	basidiomycota	pucciniaceae	Puccinia	tanaceti	United States	Kansas	Rooks
plantae	marchantiophyta	scapaniaceae	Diplophyllum	albicans	United States	Alaska	Aleutians West
plantae	spermatophyta	fabaceae	Lathyrus	palustris	United States	Minnesota	Nicollet
plantae	tracheophyta	asteraceae	Pectis	papposa	United States	Texas	El Paso County
fungi	zygomycota	mucoraceae	Mucor	capitatoramosus	United States	Pennsylvania	Chester
plantae	marchantiophyta	scapaniaceae	Lophozia	ventricosa	United States	New York	Essex Co.
animalia	mollusca	unionidae	Fusconaia	flava	United States	Missouri	Henry
plantae	bryophyta	dicranaceae	Leucobryum	glaucum	United States	Arkansas	Faulkner Co.
fungi	ascomycota	physciaceae	Buellia	punctata	Canada	Ontario	Peterborough Co. (On)
animalia	echinodermata	holothuriidae	Holothuria	difficilis	Mariana Islands	Guam	Guam Island
plantae	tracheophyta	poaceae	Pleuropogon	hooverianus	United States	California	Mendocino
plantae	rhodophyta	ceramiaceae	Ceramium	strictum	United States	Maine	Washington
animalia	mollusca	muricidae	Calotrophon	ostrearum	United States	Florida	De Soto County
plantae	charophyta	fabaceae	Trifolium	pratense	United States	Massachusetts	Hampden
plantae	tracheophyta	fabaceae	Spartium	junceum	United States	California	Los Angeles
plantae	magnoliophyta	poaceae	Setaria	magna	United States	New Jersey	Cape May
animalia	arthropoda	formicidae	Neivamyrmex	swainsonii	United States	Arizona	Yavapai
animalia	chordata	cyprinidae	Hybopsis	amnis	United States	Illinois	Will
plantae	chlorophyta	caulerpaceae	Caulerpa	ashmeadii	United States	Florida	Citrus
plantae	marchantiophyta	scapaniaceae	Diplophyllum	apiculatum	United States	Illinois	Pope
plantae	charophyta	characeae	Nitella	flexilis	United States	New York	Saratoga
fungi	ascomycota	physciaceae	Physconia	detersa	United States	Arizona	Apache
fungi	basidiomycota	polyporaceae	Polyporus	odorus	United States	New York	Lewis
plantae	magnoliophyta	asteraceae	Bidens	vulgata	United States	Pennsylvania	Lehigh
plantae	tracheophyta	fabaceae	Desmodium	glutinosum	United States	Wisconsin	Grant
animalia	mollusca	unionidae	Pyganodon	fragilis	United States	Minnesota	Itasca
animalia	cnidaria	plexauridae	Muricea	sp.	United States	Florida	Monroe County
animalia	porifera	halichondriidae	Halichondria	bowerbanki	United States	California	Santa Barbara County
fungi	basidiomycota	agaricaceae	Lepiota	cristata	United States	California	Marin
plantae	rhodophyta	corallinaceae	Jania	constricta	Marshall Islands	Ralik	Kili/Bikini/Ejit (Mun.)
plantae	tracheophyta	asteraceae	Bidens	frondosa	United States	South Dakota	Codington
animalia	echinodermata	holothuriidae	Holothuria	rigida	Mariana Islands	Guam	Guam Island
fungi	basidiomycota	pucciniaceae	Aecidium	impatientis	United States	Illinois	Mclean
animalia	echinodermata	holothuriidae	Actinopyga	lecanora	Japan	Ryukyu Islands	Okinawa Island
plantae	bryophyta	pottiaceae	Weissia	wimmeriana	Norway	Innlandet	Vågå
plantae	spermatophyta	asteraceae	Conyza	bonariensis	United States	California	Los Angeles County
animalia	arthropoda	formicidae	Formica	occulta	United States	New Mexico	Catron
fungi	ascomycota	cladoniaceae	Cladonia	furcata	Germany	Rheinland-Pfalz	Ahreifel
plantae	tracheophyta	fabaceae	Aeschynomene	fluminensis	Bolivia	Santa Cruz	Ñuflo De Chávez (Prov.)
fungi	zygomycota	legeriomycetaceae	Smittium	simulii	United States	Montana	Lake
plantae	rhodophyta	ceramiaceae	Ceramium	virgatum	Denmark	Kattegat Central	Km
plantae	dicotyledon	myrtaceae	Eugenia	muricata	Brasil	Amazonas	Alvarães
plantae	marchantiophyta	scapaniaceae	Scapania	nemorosa	United States	California	Marin Co.
plantae	marchantiophyta	scapaniaceae	Lophozia	longiflora	United States	New Hampshire	Coos Co.
animalia	mollusca	unionidae	Ligumia	recta	United States	Michigan	Kent
animalia	chordata	plethodontidae	Plethodon	glutinosus	United States	Georgia	Floyd
plantae	magnoliophyta	fabaceae	Trifolium	repens	United States	Illinois	Vermilion
animalia	porifera	chalinidae	Haliclona	canaliculata	United States	Massachusetts	Barnstable County
animalia	chordata	cyprinidae	Semotilus	atromaculatus	United States	Ohio	Delaware
plantae	bryophyta	dicranaceae	Dicranella	heteromalla	United States	Kentucky	Floyd
animalia	arthropoda	apidae	Bombus	sitkensis	Canada	British Columbia	None, Unknown Or Numbered Census Division
plantae	spermatophyta	asteraceae	Conyza	canadensis	United States	North Carolina	Avery
animalia	arthropoda	formicidae	Eciton	hamatum	Mexico	Campeche	Calakmul
plantae	tracheophyta	poaceae	Hordeum	marinum	United States	California	Lassen County
plantae	magnoliophyta	poaceae	Setaria	glauca	United States	Illinois	Perry
animalia	chordata	plethodontidae	Plethodon	cylindraceus	United States	Tennessee	Johnson
fungi	ascomycota	physciaceae	Rinodina	occulta	Norway	Møre Og Romsdal	Rauma
plantae	spermatophyta	fabaceae	Lathyrus	venosus	United States	Louisiana	Lincoln
animalia	bryozoa	fenestellidae	Fenestella	sp	United States	Utah	Millard County
plantae	tracheophyta	poaceae	Panicum	wilcoxianum	United States	Minnesota	Kittson
plantae	bryophyta	dicranaceae	Dicranum	fulvum	United States	North Carolina	Stanly Co.
animalia	brachiopoda	spirigerellidae	Composita	acinus	United States	Oklahoma	Adair
plantae	marchantiophyta	frullaniaceae	Frullania	fragilifolia	Italy	Friuli-Venezia Giulia	Gorizia
plantae	spermatophyta	asteraceae	Liatris	punctata	United States	Minnesota	Nicollet
plantae	spermatophyta	fabaceae	Lupinus	sulphureus	United States	Washington	Grant
plantae	spermatophyta	asteraceae	Bebbia	juncea	United States	California	Ventura County
animalia	arthropoda	apidae	Ceratina	nanula	United States	Utah	Garfield
animalia	mollusca	muricidae	Ceratostoma	foliatum	United States	California	San Mateo County
animalia	chordata	cricetidae	Myodes	gapperi	United States	New York	Greene
fungi	ascomycota	physciaceae	Cyphelium	inquinans	Sweden	Hälsingland	Norrala
plantae	magnoliophyta	poaceae	Spartina	patens	United States	New Jersey	Cape May
animalia	bryozoa	smittinidae	Parasmittina	collum	United States	North Carolina	Pender County
plantae	tracheophyta	fabaceae	Mimosa	strigillosa	United States	Florida	Bay
animalia	echinodermata	ophiuridae	Ophiura	furiae	Denmark	Central Denmark Region	Skive Municipality
fungi	basidiomycota	agaricaceae	Bovista	nigrescens	Norway	Trøndelag	Grong
fungi	basidiomycota	agaricaceae	Lycoperdon	calyptriforme	Norway	Nordland	Beiarn
animalia	mollusca	veneridae	Chione	cancellata	United States	Florida	Hendry
plantae	magnoliophyta	asteraceae	Coreopsis	gladiata	United States	Georgia	Toombs County
fungi	cyanobacteria	scytonemataceae	Scytonema	myochroum	United States	Virginia	Montgomery County
fungi	basidiomycota	agaricaceae	Agaricus	campestris	United States	Colorado	Boulder
fungi	ascomycota	cladoniaceae	Cladonia	uncialis	United States	Wisconsin	Adams
plantae	spermatophyta	orchidaceae	Bulbophyllum	candidum	China	Yunnan	Longyang District
animalia	brachiopoda	spirigerellidae	Composita	ozarkana	United States	Oklahoma	Mayes
plantae	bryophyta	pottiaceae	Bryoerythrophyllum	recurvirostrum	Norway	Trøndelag	Nærøysund
fungi	chytridiomycota	synchytriaceae	Synchytrium	decipiens	United States	Wisconsin	Columbia
plantae	chlorophyta	cladophoraceae	Chaetomorpha	aerea	United States	Maine	Cumberland
fungi	cyanobacteria	scytonemataceae	Scytonema	hofmannii	United States	Florida	Escambia County
fungi	basidiomycota	polyporaceae	Poria	regularis	United States	Georgia	Charlton
animalia	arthropoda	formicidae	Lasius	arizonicus	United States	Arizona	Cochise
plantae	charophyta	poaceae	Echinochloa	muricata	United States	Vermont	Chittenden
fungi	basidiomycota	pucciniaceae	Puccinia	abrupta	United States	Arizona	Santa Cruz
plantae	spermatophyta	orchidaceae	Maxillaria	jamesonii	Ecuador	Zamora Chinchipe	El Pangui
fungi	ascomycota	parmeliaceae	Parmotrema	submarginale	United States	North Carolina	Swain
plantae	tracheophyta	poaceae	Olyra	latifolia	Brazil	Amapá	Macapá Mun.
fungi	ascomycota	cladoniaceae	Cladonia	cristatella	United States	Michigan	Keweenaw
fungi	basidiomycota	agaricaceae	Calvatia	pallida	United States	California	Los Angeles Co.
plantae	chlorophyta	ulvaceae	Ulva	myriotrema	France	Bretagne	Finistère
fungi	basidiomycota	polyporaceae	Polyporus	arcularius	United States	Michigan	Washtenaw
animalia	mollusca	muricidae	Phyllonotus	globosus	United States	Florida	Hendry County
fungi	ascomycota	cladoniaceae	Cladonia	caroliniana	United States	Illinois	Pope
plantae	tracheophyta	fabaceae	Diphysa	yucatanensis	Mexico	Campeche	Hecelchakan
animalia	mollusca	unionidae	Amblema	plicata	United States	Iowa	Des Moines County
animalia	chordata	cricetidae	Reithrodontomys	megalotis	United States	California	San Diego
animalia	arthropoda	carabidae	Cicindela	formosa	United States	Oklahoma	Haskell
animalia	chordata	plethodontidae	Plethodon	cinereus	United States	Virginia	Prince William
fungi	ascomycota	cladoniaceae	Cladonia	pleurota	United States	Maryland	Prince George'S
plantae	bryophyta	sphagnaceae	Sphagnum	imbricatum	United States	Mississippi	Stone Co.
plantae	dicotyledon	myrtaceae	Eugenia	patens	Brasil	Amazonas	Barcelos
fungi	basidiomycota	polyporaceae	Hapalopilus	nidulans	Sweden	Vã¤Stergã¶Tland	Sankt Peder
plantae	rhodophyta	rhodomelaceae	Amplisiphonia	pacifica	United States	California	Los Angeles County
plantae	dicotyledon	asteraceae	Mikania	polystachya	Brasil	Pará	Serra Dos Carajás
plantae	magnoliophyta	fabaceae	Dalea	filiformis	United States	New Mexico	Grant Co.
fungi	ascomycota	parmeliaceae	Parmotrema	tinctorium	United States	Florida	Wakulla
plantae	magnoliophyta	poaceae	Echinochloa	walteri	United States	Virginia	Essex
animalia	echinodermata	holothuriidae	Bohadschia	vitiensis	Federated States Of Micronesia	Yap State	Yap Island
animalia	chordata	cyprinidae	Agosia	chrysogaster	United States	Arizona	Cochise
animalia	arthropoda	apidae	Nannotrigona	perilampoides	Mexico	Yucatan	Tzucacab
plantae	marchantiophyta	frullaniaceae	Frullania	dilatata	Norway	Aust-Agder	Arendal
fungi	glomeromycota	glomeraceae	Glomus	rubiforme	United States	Oregon	Curry
plantae	marchantiophyta	scapaniaceae	Lophozia	laxa	United States	Michigan	Chippewa
plantae	magnoliophyta	poaceae	Setaria	lutescens	United States	Pennsylvania	Dauphin
plantae	dicotyledon	myrtaceae	Eugenia	sulcata	Brasil	Paraná	Morretes
plantae	charophyta	characeae	Chara	globularis	United States	Illinois	Menard Co.
plantae	chlorophyta	caulerpaceae	Caulerpa	chemnitzia	United States	Florida	Pinellas
plantae	tracheophyta	poaceae	Sporobolus	airoides	United States	California	San Bernardino
fungi	basidiomycota	pucciniaceae	Uromyces	dactylidis	Norway	Vestland	Bergen
animalia	arthropoda	apidae	Ceratina	acantha	United States	California	Sanbenito
plantae	bryophyta	dicranaceae	Dicranum	drummondii	United States	Maine	Oxford Co.
fungi	ascomycota	parmeliaceae	Platismatia	norvegica	Canada	Nova Scotia	Inverness
plantae	charophyta	characeae	Nitella	oligospira	United States	Massachusetts	Barnstable
animalia	mollusca	unionidae	Lampsilis	cardium	United States	Illinois	Champaign
animalia	chordata	cricetidae	Microtus	longicaudus	United States	Washington	Whitman
plantae	bryophyta	sphagnaceae	Sphagnum	rubellum	United States	Maine	Kennebec Co.
plantae	dicotyledon	myrtaceae	Myrcia	eximia	Brasil	Mato Grosso	Sinop
animalia	porifera	chalinidae	Haliclona	pedunculata	United States	Oregon	Coos County
plantae	spermatophyta	fabaceae	Leucaena	latisiliqua	United States	Florida	Monroe
animalia	arthropoda	carabidae	Bembidion	americanum	United States	New Jersey	Gloucester
animalia	chordata	cyprinidae	Semotilus	atromaculatus	United States	South Dakota	Shannon
fungi	basidiomycota	agaricaceae	Lepiota	flammeatincta	United States	Idaho	Clearwater
plantae	marchantiophyta	scapaniaceae	Scapania	undulata	United States	Washington	Pierce Co.
plantae	spermatophyta	fabaceae	Pueraria	montana	China	Yunnan	Gongshan Autonomous County
animalia	mollusca	veneridae	Leukoma	staminea	United States	California	Kings County
fungi	ascomycota	cladoniaceae	Cladonia	rangiferina	Canada	Ontario	Thunder Bay
plantae	charophyta	poaceae	Bromus	secalinus	United States	Rhode Island	Providence County
plantae	charophyta	fabaceae	Trifolium	aureum	United States	New Hampshire	Belknap
plantae	spermatophyta	fabaceae	Trifolium	arvense	United States	Virginia	Southampton
plantae	magnoliophyta	fabaceae	Senna	covesii	United States	Arizona	Maricopa Co.
fungi	ascomycota	physciaceae	Amandinea	punctata	Canada	Alberta	Division No. 9
fungi	ascomycota	cladoniaceae	Cladonia	chlorophaea	Norway	Finnmark	Berlevåg
fungi	basidiomycota	polyporaceae	Perenniporia	medulla-panis	Sweden	Skã¥Ne	Dalby
animalia	mollusca	veneridae	Callista	albaria	United States	North Carolina	Craven County
plantae	charophyta	poaceae	Avena	sativa	United States	New Hampshire	Grafton
animalia	porifera	halichondriidae	Hymeniacidon	sinapium	United States	California	San Diego County
plantae	tracheophyta	fabaceae	Astragalus	phoenix	United States	Nevada	Nye
plantae	marchantiophyta	scapaniaceae	Anastrepta	orcadensis	Sweden	Småland (Inre)	Hult
plantae	tracheophyta	fabaceae	Cajanus	cajan	Mexico	Chiapas	Tila
plantae	tracheophyta	asteraceae	Symphyotrichum	drummondii	United States	Massachusetts	Middlesex County
fungi	ascomycota	cladoniaceae	Cladonia	gracilis	United States	Pennsylvania	Schuylkill
fungi	basidiomycota	agaricaceae	Cystoderma	carcharias	Norway	Viken	Drammen
plantae	tracheophyta	fabaceae	Amorpha	canescens	United States	Illinois	Mchenry
plantae	spermatophyta	asteraceae	Stevia	serrata	United States	New Mexico	Grant
plantae	chlorophyta	cladophoraceae	Cladophora	glomerata	Denmark	The Sound	Su
plantae	charophyta	characeae	Chara	vulgaris	United States	Minnesota	Cass
fungi	basidiomycota	polyporaceae	Poria	luteoalba	United States	Maryland	Prince Georges
fungi	basidiomycota	agaricaceae	Lepiota	cristata	United States	Illinois	Union
plantae	charophyta	poaceae	Cinna	latifolia	United States	Vermont	Lamoille
animalia	arthropoda	carabidae	Ardistomis	schaumii	United States	Texas	Fort Bend
plantae	spermatophyta	orchidaceae	Cleistes	bifaria	United States	North Carolina	Carteret
animalia	brachiopoda	rugosochonetidae	Chonetinella	flemingi	United States	Missouri	Jackson
animalia	porifera	chalinidae	Chalinula	ecbasis	United States	California	Santa Barbara County
animalia	chordata	cyprinidae	Rhinichthys	atratulus	United States	Pennsylvania	Philadelphia Co.
fungi	basidiomycota	polyporaceae	Panus	neostrigosus	United States	Florida	Citrus
plantae	marchantiophyta	lejeuneaceae	Euosmolejeunea	duriuscula	United States	Florida	Orange
fungi	basidiomycota	agaricaceae	Agaricus	subalachuanus	United States	Florida	Alachua
plantae	magnoliophyta	poaceae	Elymus	canadensis	United States	Nebraska	Kearney
plantae	magnoliophyta	fabaceae	Lupinus	argenteus	United States	Nevada	Eureka
plantae	tracheophyta	fabaceae	Psoralidium	tenuiflorum	United States	Colorado	Larimer
animalia	mollusca	veneridae	Mercenaria	mercenaria	United States	Delaware	Sussex County
fungi	basidiomycota	pucciniaceae	Puccinia	brachypodii	United States	Pennsylvania	Lawrence
plantae	rhodophyta	ceramiaceae	Pterothamnion	plumula	Denmark	Lillebælt	Lb
plantae	charophyta	characeae	Nitella	tenuissima	United States	South Carolina	Lexington Co.
animalia	arthropoda	formicidae	Lasius	alienus	United States	California	San Bernardino County
fungi	ascomycota	parmeliaceae	Usnea	barbata	United States	Wyoming	Laramie
animalia	cnidaria	acroporidae	Astreopora	antiguensis	United States	Georgia	Decatur County
animalia	cnidaria	faviidae	Solenastrea	bournoni	United States	Florida	Desoto County
fungi	basidiomycota	pucciniaceae	Uromyces	seditiosus	United States	Tennessee	Weakley
plantae	spermatophyta	fabaceae	Lathyrus	palustris	United States	California	Humboldt County
plantae	bryophyta	sphagnaceae	Sphagnum	inexspectatum	Norway	Trøndelag	Namsskogan
plantae	chlorophyta	cladophoraceae	Cladophora	glomerata	Sweden	Västergötland	Sandhem
animalia	echinodermata	holothuriidae	Holothuria	edulis	Australia	Cocos (Keeling) Islands	Direction Island
fungi	basidiomycota	agaricaceae	Calbovista	subsculpta	United States	California	El Dorado
animalia	mollusca	unionidae	Lampsilis	cardium	United States	Illinois	Kane
fungi	fungi	family unknown	Sterile	sorediate crust	United States	North Carolina	Mitchell Co.
plantae	chlorophyta	cladophoraceae	Cladophora	indet.	United States	Rhode Island	Newport
plantae	rhodophyta	ceramiaceae	Ceramium	virgatum	United States	Maine	Lincoln
plantae	rhodophyta	rhodomelaceae	Polysiphonia	foetidissima	Mexico	Tamaulipas	Matamoros
plantae	bryophyta	sphagnaceae	Sphagnum	strictum	United States	Florida	Orange County
plantae	tracheophyta	fabaceae	Caesalpinia	phyllanthoides	United States	Texas	Bexar
fungi	ascomycota	cladoniaceae	Cladonia	didyma	United States	Kentucky	Powell
animalia	brachiopoda	spirigerellidae	Composita	subquadrata	United States	Oklahoma	Adair
animalia	brachiopoda	rugosochonetidae	Dyoros	tenuis	United States	Texas	Brewster County
plantae	bryophyta	pottiaceae	Didymodon	rigidulus	Sweden	Östergötland	Västra Tollstad
plantae	charophyta	characeae	Nitella	flexilis	United States	California	Marin
plantae	bryophyta	pottiaceae	Syntrichia	caninervis	United States	Nevada	Clark County
animalia	brachiopoda	spiriferidae	Spirifer	centronatus	United States	Montana	Gallatin County
animalia	mollusca	veneridae	Chione	californiensis	United States	California	Los Angeles County
plantae	charophyta	fabaceae	Robinia	hispida	United States	Connecticut	New Haven County
plantae	bryophyta	dicranaceae	Kiaeria	blyttii	United States	New York	Essex Co.
fungi	basidiomycota	polyporaceae	Fomes	igniarius	United States	Virginia	Fairfax
animalia	annelida	nereididae	Nereis	vexillosa	United States	California	Alameda County
fungi	zygomycota	legeriomycetaceae	Pennella	montana	Costa Rica	N/A	(C.De Lamuerte)
plantae	charophyta	characeae	Tolypella	nidifica	Denmark	Limfjorden	Lf
animalia	mollusca	veneridae	Macrocallista	greeni	United States	South Carolina	Darlington County
fungi	ascomycota	parmeliaceae	Parmotrema	tinctorium	United States	Georgia	Mcintosh Co.
fungi	ascomycota	physciaceae	Physcia	stellaris	United States	Arizona	Coconino
plantae	bryophyta	dicranaceae	Dicranum	howellii	United States	Oregon	Marion
animalia	arthropoda	formicidae	Brachymyrmex	depilis	United States	Florida	Franklin County
fungi	basidiomycota	pucciniaceae	Puccinia	graminis	United States	Illinois	Marshall
fungi	basidiomycota	agaricaceae	Agaricus	abruptibulbus	United States	Iowa	Johnson
fungi	basidiomycota	pucciniaceae	Puccinia	helianthi	United States	California	Riverside
plantae	magnoliophyta	poaceae	Setaria	lutescens	United States	Mississippi	Calhoun
fungi	chytridiomycota	physodermataceae	Physoderma	pulposum	United States	North Dakota	Lamoure
animalia	chordata	cricetidae	Peromyscus	maniculatus	United States	Oregon	Umatilla County
plantae	chlorophyta	cladophoraceae	Cladophora	vagabunda	United States	Texas	Nueces
plantae	charophyta	poaceae	Panicum	boscii	United States	Connecticut	New London County
plantae	spermatophyta	fabaceae	Lupinus	perennis	United States	Minnesota	Hennepin
plantae	marchantiophyta	scapaniaceae	Diplophyllum	taxifolium	Sweden	Jämtland	Berg
plantae	magnoliophyta	poaceae	Elymus	canadensis	United States	Texas	Dickens
animalia	chordata	plethodontidae	Plethodon	cinereus	United States	Indiana	Brown
plantae	magnoliophyta	poaceae	Elymus	canadensis	United States	New York	New York Co.
animalia	echinodermata	amphiuridae	Amphipholis	pugetana	United States	Alaska	Valdez-Cordova Census Area
fungi	glomeromycota	glomeraceae	Glomus	hoi	United States	Washington	Pacific County
animalia	bryozoa	rhabdomesidae	Rhombopora	lepidodendroides	United States	Kansas	Shawnee County
plantae	rhodophyta	rhodomelaceae	Polysiphonia	fibrillosa	Denmark	Kattegat South	Ks
plantae	chlorophyta	cladophoraceae	Rhizoclonium	riparium	Norway	Troms Og Finnmark	Tromsø
plantae	chlorophyta	caulerpaceae	Caulerpa	sertularioides	United States	Florida	Sarasota
plantae	spermatophyta	orchidaceae	Hexisea	imbricata	Mexico	Guerrero	Acapulco De Juarez
fungi	basidiomycota	agaricaceae	Agaricus	albolutescens	United States	Colorado	Boulder
plantae	bryophyta	dicranaceae	Dicranum	scoparium	United States	Virginia	New Kent Co.
fungi	basidiomycota	pucciniaceae	Puccinia	cicutae	United States	Nebraska	Merrick
fungi	basidiomycota	agaricaceae	Lepiota	clypeolaria	United States	Minnesota	Clearwater
animalia	brachiopoda	spiriferidae	Spirifer	mucronatus	United States	New York	Erie
plantae	tracheophyta	fabaceae	Psoralea	psoralioides	United States	Arkansas	Prairie County
plantae	chlorophyta	cladophoraceae	Chaetomorpha	cannabina	United States	Alaska	Kenai Peninsula Borough
fungi	basidiomycota	polyporaceae	Poria	weirii	United States	Idaho	Idaho
animalia	bryozoa	smittinidae	Smittina	cordata	United States	California	Santa Barbara County
fungi	ascomycota	parmeliaceae	Hypotrachyna	livida	United States	Tennessee	Stewart Co.
fungi	basidiomycota	agaricaceae	Bovista	plumbea	Norway	Vestfold Og Telemark	Færder
plantae	spermatophyta	asteraceae	Micropus	californicus	United States	California	San Luis Obispo County
plantae	tracheophyta	fabaceae	Astragalus	albulus	United States	Arizona	Navajo
plantae	bryophyta	pottiaceae	Pottia	truncata	United States	New York	Rensselaer
plantae	chlorophyta	ulvaceae	Ulva	linza	United States	Florida	Monroe County
plantae	rhodophyta	corallinaceae	Corallina	officinalis	United States	Washington	Island
plantae	rhodophyta	ceramiaceae	Ceramium	bicorne	United States	California	Orange County
plantae	tracheophyta	poaceae	Poa	secunda	United States	Oregon	Harney
plantae	rhodophyta	rhodomelaceae	Bostrychia	radicans	United States	Florida	Levy County
plantae	spermatophyta	asteraceae	Coreopsis	lanceolata	United States	Virginia	New Kent
plantae	marchantiophyta	frullaniaceae	Frullania	inflata	United States	Tennessee	Montgomery
plantae	tracheophyta	fabaceae	Astragalus	agrestis	United States	Idaho	Teton
plantae	magnoliophyta	poaceae	Bromus	racemosus	United States	Virginia	Frederick
plantae	rhodophyta	rhodomelaceae	Herposiphonia	verticillata	United States	California	Los Angeles County
animalia	bryozoa	smittinidae	Parasmittina	uncinata	United States	Hawaii	Maui
plantae	bryophyta	dicranaceae	Leucobryum	glaucum	Canada	Nova Scotia	Region Of Queens
plantae	marchantiophyta	frullaniaceae	Frullania	inflata	United States	Kansas	Douglas Co.
plantae	chlorophyta	ulvaceae	Ulva	intestinalis	Netherlands	Zeeland	Tholen
plantae	marchantiophyta	frullaniaceae	Frullania	brittoniae	United States	Florida	Seminole
animalia	chordata	cyprinidae	Notropis	jemezanus	United States	New Mexico	Chaves County
fungi	zygomycota	rhizopodaceae	Syzygites	megalocarpus	United States	Kentucky	Fayette
plantae	charophyta	poaceae	Alopecurus	pratensis	United States	Vermont	Chittenden
fungi	chytridiomycota	synchytriaceae	Synchytrium	decipiens	United States	Nebraska	Brown
fungi	basidiomycota	pucciniaceae	Uromyces	dactylidis	United States	Mississippi	Oktibbeha
animalia	arthropoda	apidae	Centris	tricolor	Paraguay	Guaira	General Eugenio Garay
animalia	annelida	nereididae	Nereis	panamensis	Mexico	Veracruz De Ignacio De La Llave	Veracruz
plantae	marchantiophyta	frullaniaceae	Frullania	bolanderi	United States	California	Mendocino
plantae	charophyta	poaceae	Tridens	flavus	United States	New Hampshire	Grafton
fungi	chytridiomycota	synchytriaceae	Synchytrium	pulvereum	United States	Wisconsin	Rusk Co.
animalia	brachiopoda	spirigerellidae	Composita	subtilita	United States	Texas	Brown County
plantae	rhodophyta	ceramiaceae	Centroceras	clavulatum	United States	Florida	Monroe
plantae	bryophyta	pottiaceae	Tortella	humilis	United States	Texas	San Jacinto
animalia	porifera	microcionidae	Antho	karykina	United States	California	Ventura County
animalia	annelida	nereididae	Nereis	fauchaldi	Mexico	Baja California	Ensenada
plantae	bryophyta	pottiaceae	Weissia	controversa	United States	New York	Saratoga Co.
plantae	rhodophyta	ceramiaceae	Ceramium	cimbricum	United States	Massachusetts	Barnstable County
plantae	magnoliophyta	poaceae	Tridens	albescens	United States	Texas	Mason
fungi	basidiomycota	pucciniaceae	Puccinia	heucherae	United States	Pennsylvania	Centre
animalia	chordata	cricetidae	Neotoma	lepida	United States	California	Los Angeles County
fungi	basidiomycota	agaricaceae	Agaricus	campestris	United States	Oklahoma	Oklahoma
fungi	basidiomycota	polyporaceae	Trametes	versicolor	United States	California	Los Angeles
animalia	arthropoda	apidae	Neolarra	batrae	United States	California	Riverside
plantae	marchantiophyta	scapaniaceae	Lophozia	wenzelii	Sweden	Jämtland	Hallen
plantae	tracheophyta	poaceae	Panicum	boscii	United States	Kentucky	Scott
fungi	ascomycota	cladoniaceae	Cladonia	evansii	United States	Colorado	Mineral
plantae	dicotyledon	asteraceae	Vernonia	grisea	Brasil	Pará	Almeirim
plantae	spermatophyta	fabaceae	Ateleia	pterocarpa	Mexico	Chiapas	Tenejapa Municipio
plantae	marchantiophyta	frullaniaceae	Frullania	nisquallensis	United States	Oregon	Lane
fungi	ascomycota	physciaceae	Rinodina	fimbriata	United States	North Carolina	Alamance Co.
fungi	ascomycota	parmeliaceae	Arctoparmelia	centrifuga	Norway	Stfold	Råde
plantae	chlorophyta	ulvaceae	Ulva	expansa	United States	California	Orange County
plantae	charophyta	fabaceae	Lupinus	perennis	United States	Rhode Island	Washington
fungi	ascomycota	cladoniaceae	Cladonia	uncialis	United States	Maine	Hancock
plantae	charophyta	poaceae	Echinochloa	muricata	United States	Massachusetts	Franklin
fungi	ascomycota	cladoniaceae	Cladonia	caroliniana	United States	Tennessee	Cumberland
animalia	arthropoda	apidae	Bombus	terricola	United States	New York	Hamilton
plantae	rhodophyta	rhodomelaceae	Laurencia	obtusa	Mexico	Yucatán	Progreso
plantae	magnoliophyta	fabaceae	Lupinus	argenteus	United States	Utah	Garfield Co.
animalia	chordata	plethodontidae	Plethodon	cinereus	United States	Pennsylvania	Susquehanna
animalia	chordata	cyprinidae	Semotilus	atromaculatus	United States	Alabama	Cleburne County
animalia	mollusca	muricidae	Urosalpinx	cineria	United States	Florida	Pinellas County
fungi	basidiomycota	pucciniaceae	Puccinia	dioicae	United States	Iowa	Dickinson
animalia	mollusca	unionidae	Strophitus	undulatus	United States	Michigan	Osceola
plantae	spermatophyta	orchidaceae	Prosthechea	radiata	Mexico	Veracruz	Totutla Municipality
animalia	arthropoda	apidae	Bombus	huntii	United States	Colorado	Boulder
plantae	magnoliophyta	fabaceae	Cassia	fasciculata	United States	Arkansas	Franklin
animalia	echinodermata	holothuriidae	Holothuria	lineata	United States	Hawaii	Honolulu
plantae	marchantiophyta	scapaniaceae	Lophozia	alpestris	Norway	Oppland	Lom
animalia	annelida	syllidae	Proceraea	cornuta	United States	Florida	Pinellas County
animalia	mollusca	muricidae	Coralliophila	galea	United States	Florida	Broward County
plantae	charophyta	characeae	Nitella	flexilis	Sweden	Skã¥Ne	Stã¥Ngby
fungi	ascomycota	parmeliaceae	Flavocetraria	cucullata	Sweden	Uppland	Uppsala
animalia	mollusca	unionidae	Fusconaia	subrotunda	United States	Tennessee	Polk County
plantae	tracheophyta	asteraceae	Arida	arizonica	United States	Nevada	Nye Co.
fungi	ascomycota	physciaceae	Physcia	millegrana	United States	Michigan	Kalamazoo
fungi	cyanobacteria	scytonemataceae	Scytonema	ocellatum	United States	Illinois	Cook County
plantae	marchantiophyta	frullaniaceae	Frullania	squarrosa	United States	Texas	Walker Co.
animalia	bryozoa	smittinidae	Smittina	landsborovii	United States	Washington	San Juan County
animalia	brachiopoda	rugosochonetidae	Mesolobus	mesolobus?	United States	Texas	Palo Pinto
animalia	chordata	plethodontidae	Plethodon	cinereus	United States	Virginia	Augusta
animalia	chordata	cyprinidae	Campostoma	anomalum	United States	Missouri	Texas
plantae	marchantiophyta	scapaniaceae	Scapania	nemorosa	United States	Vermont	Windsor County
fungi	glomeromycota	glomeraceae	Rhizophagus	fasciculatus	United States	Arizona	Pima
plantae	charophyta	characeae	Chara	vulgaris	United States	Michigan	Van Buren County
animalia	annelida	nereididae	Nereis	pelagica	United States	Massachusetts	Essex County
plantae	magnoliophyta	fabaceae	Robinia	pseudo-acacia	United States	Georgia	Cobb County
plantae	charophyta	characeae	Chara	braunii	United States	New York	Yates Co.
plantae	spermatophyta	fabaceae	Lupinus	albifrons	United States	California	Glenn County
fungi	basidiomycota	polyporaceae	Panus	neostrigosus	United States	Tennessee	Knox
plantae	marchantiophyta	frullaniaceae	Frullania	tetraptera	Chile	Maule	Curicó
plantae	marchantiophyta	lejeuneaceae	Cheilolejeunea	adnata	Mexico	Veracruz	Yecuatla
plantae	charophyta	fabaceae	Trifolium	pratense	United States	Connecticut	Hartford County
fungi	glomeromycota	acaulosporaceae	Entrophospora	infrequens	Mexico	Veracruz De Ignacio De La Llave	Catemaco
fungi	fungi	family unknown	Sterile	isidiate crust	United States	New York	Westchester Co.
animalia	chordata	plethodontidae	Desmognathus	santeetlah	United States	Tennessee	Blount
fungi	basidiomycota	polyporaceae	Polyporus	squamosus	United States	Connecticut	Fairfield Co.
plantae	magnoliophyta	asteraceae	Symphyotrichum	patens	United States	Tennessee	Sequatchie
plantae	marchantiophyta	scapaniaceae	Lophozia	capitata	United States	Connecticut	Hartford County
fungi	basidiomycota	polyporaceae	Neolentinus	lepideus	United States	New York	Tompkins
animalia	chordata	cyprinidae	Notropis	lutipinnis	United States	Georgia	Lamar
plantae	chlorophyta	caulerpaceae	Caulerpa	prolifera	United States	Florida	Palm Beach County
plantae	spermatophyta	asteraceae	Logfia	gallica	United States	California	Mendocino County
animalia	chordata	plethodontidae	Batrachoseps	nigriventris	United States	California	San Luis Obispo
plantae	tracheophyta	fabaceae	Dalbergia	hupeana	China	Yunnan	Tengchong County
plantae	rhodophyta	ceramiaceae	Ceramium	codicola	United States	California	Orange
animalia	annelida	syllidae	Myrianida	puladilaw	Philippines	Oriental Mindoro Province	Puerto Galera Municipality [= Puerto Galera]
plantae	bryophyta	dicranaceae	Paraleucobryum	enerve	United States	Alaska	North Slope
plantae	charophyta	characeae	Chara	aspera	United States	Nebraska	Dundy
animalia	chordata	cyprinidae	Notropis	simus	United States	New Mexico	Debaca County
plantae	magnoliophyta	asteraceae	Bidens	pilosa	United States	Wisconsin	Rock
plantae	marchantiophyta	frullaniaceae	Frullania	obcordata	United States	Virginia	Norfolk
fungi	cyanobacteria	scytonemataceae	Scytonema	hofmannii	United States	Nebraska	Sarpy County
animalia	arthropoda	carabidae	Lebia	lobulata	United States	Kansas	Bourbon
plantae	rhodophyta	rhodomelaceae	Polysiphonia	nigra	United States	Massachusetts	Essex Co.
plantae	marchantiophyta	lejeuneaceae	Lejeunea	cavifolia	Norway	Viken	Fredrikstad
fungi	basidiomycota	agaricaceae	Battarrea	phalloides	Mexico	Sonora	Alamos
fungi	ascomycota	physciaceae	Physcia	millegrana	United States	Connecticut	Middlesex County
plantae	magnoliophyta	poaceae	Elymus	repens	United States	Utah	Wayne
plantae	marchantiophyta	scapaniaceae	Douinia	ovata	Sweden	Dalsland	Frã¶Skog
plantae	rhodophyta	corallinaceae	Heterodermia	obscurata	United States	Georgia	Wilkes
plantae	rhodophyta	corallinaceae	Jania	rubens	United States	Florida	Monroe County
plantae	spermatophyta	orchidaceae	Pogonia	minor	Japan	Osaka	Settsu
animalia	arthropoda	apidae	Epeolus	sp. 02	Mexico	Chiapas	San Juan Cancuc
plantae	magnoliophyta	asteraceae	Pectis	papposa	Mexico	Chihuahua	Juárez Mun.
animalia	brachiopoda	rugosochonetidae	Lissochonetes	geinitzianus	United States	Nebraska	Cass County
animalia	brachiopoda	spirigerellidae	Composita	subtilita	United States	Texas	Eastland
animalia	mollusca	unionidae	Elliptio	congaraea	United States	North Carolina	Columbus County
fungi	zygomycota	rhizopodaceae	Rhizopus	stolonifer	United States	Illinois	Marshall
fungi	basidiomycota	agaricaceae	Lycoperdon	perlatum	United States	Michigan	Washtenaw
plantae	chlorophyta	caulerpaceae	Caulerpa	racemosa	Madagascar	Diana	Nosy Be (Distr.)
animalia	chordata	plethodontidae	Eurycea	lucifuga	United States	Arkansas	Lawrence
plantae	magnoliophyta	asteraceae	Marshallia	mohrii	United States	Georgia	Floyd County
plantae	charophyta	characeae	Chara	vulgaris	Sweden	Skåne	Oxie
plantae	spermatophyta	asteraceae	Hulsea	vestita	United States	California	Riverside County
plantae	bryophyta	pottiaceae	Syntrichia	ruralis	United States	California	Lassen County
fungi	zygomycota	mucoraceae	Mucor	janseni	United States	Washington	Whitman Co.
animalia	chordata	plethodontidae	Plethodon	teyahalee	United States	North Carolina	Haywood
animalia	mollusca	veneridae	Meretrix	impudica	Mascarene Islands	Mauritius Island	Mauritius Island
animalia	arthropoda	apidae	Ptilothrix	bombiformis	United States	Texas	Brazos
plantae	magnoliophyta	poaceae	Bromus	pubescens	United States	Pennsylvania	Berks
plantae	magnoliophyta	asteraceae	Krigia	biflora	United States	Mississippi	Tishomingo
plantae	magnoliophyta	fabaceae	Lupinus	x alpestris	United States	Arizona	Coconino
animalia	porifera	halichondriidae	Halichondria	panicea	United Kingdom	Ireland	County Mayo
plantae	magnoliophyta	fabaceae	Lotus	wrightii	United States	Arizona	Coconino
plantae	marchantiophyta	scapaniaceae	Lophozia	barbata	United States	Washington	Whatcom
fungi	basidiomycota	polyporaceae	Polyporus	badius	United States	Ohio	Highland
fungi	ascomycota	physciaceae	Amandinea	punctata	United States	Michigan	Ingham
plantae	chlorophyta	cladophoraceae	Chaetomorpha	ligustica	United States	Washington	San Juan
animalia	mollusca	veneridae	Globivenus	fordii	United States	California	Los Angeles County
plantae	spermatophyta	asteraceae	Packera	bolanderi	United States	Oregon	Multnomah County
plantae	magnoliophyta	asteraceae	Chrysopsis	mariana	United States	Tennessee	Franklin
plantae	spermatophyta	orchidaceae	Orchis	pallens	Austria	Niederoesterreich	Sankt Polten Stadt
fungi	ascomycota	cladoniaceae	Cladonia	arbuscula	United States	Wisconsin	Monroe
plantae	marchantiophyta	scapaniaceae	Scapania	subalpina	Norway	Oslo Fylke	Oslo
plantae	spermatophyta	fabaceae	Zornia	bracteata	United States	South Carolina	Darlington
animalia	arthropoda	carabidae	Pterostichus	menetriesii	United States	California	Santa Barbara
animalia	chordata	cricetidae	Peromyscus	gratus	Mexico	Puebla	Chapulco
animalia	mollusca	veneridae	Petricolaria	cognata	Mexico	Estado De Sonora	Hermosillo
plantae	marchantiophyta	frullaniaceae	Frullania	tamarisci	United States	Michigan	Houghton
animalia	bryozoa	smittinidae	Hemismittoidea	corallinea	United States	Hawaii	Oahu
animalia	arthropoda	formicidae	Temnothorax	chandleri	United States	Missouri	Washington
animalia	arthropoda	formicidae	Camponotus	vicinus	United States	Arizona	Cochise
fungi	basidiomycota	pucciniaceae	Uromyces	minor	United States	California	Humboldt
plantae	rhodophyta	rhodomelaceae	Chondria	dasyphylla	Ireland	Munster	Clare
fungi	cyanobacteria	scytonemataceae	Scytonema	hofmannii	United States	Louisiana	Terrebonne Parish
plantae	bryophyta	pottiaceae	Tortula	brevipes	United States	California	San Bernardino County
plantae	tracheophyta	asteraceae	Xanthisma	spinulosum	United States	New Mexico	Grant
animalia	porifera	microcionidae	Clathria	heterotoxa	United States	California	Santa Barbara County
animalia	bryozoa	fenestellidae	Fenestella	rudis	United States	Missouri	Cooper
animalia	bryozoa	smittinidae	Smittina	altirostris	United States	Alaska	Bethel Census Area
animalia	arthropoda	apidae	Bombus	affinis	United States	Pennsylvania	Perry
animalia	porifera	chalinidae	Haliclona	cinerea	United States	California	Sonoma County
animalia	annelida	nereididae	Nereis	pelagica	United States	Maine	Washington County
plantae	tracheophyta	poaceae	Cinna	arundinacea	United States	Wisconsin	Buffalo
plantae	spermatophyta	fabaceae	Lupinus	densiflorus	United States	California	Santa Barbara
plantae	chlorophyta	cladophoraceae	Rhizoclonium	riparium	Canada	New Brunswick	Charlotte
fungi	basidiomycota	agaricaceae	Nidularia	deformis	Norway	Troms Og Finnmark	Kautokeino
animalia	chordata	plethodontidae	Desmognathus	ocoee	United States	South Carolina	Pickens
fungi	chytridiomycota	cladochytriaceae	Cladochytrium	major	United States	North Dakota	Lamoure
plantae	bryophyta	pottiaceae	Bryoerythrophyllum	recurvirostrum	Norway	Troms Og Finnmark	Tromsø
animalia	porifera	halichondriidae	Halichondria	jv01	United States	Hawaii	Honolulu County
animalia	arthropoda	formicidae	Lasius	sitiens	United States	Arizona	Coconino
plantae	tracheophyta	fabaceae	Astragalus	tenellus	United States	Utah	Emery Co.
fungi	zygomycota	mucoraceae	Mucor	genevensis	United States	Michigan	Washtenaw
plantae	rhodophyta	ceramiaceae	Corallophila	eatoniana	United States	Washington	San Juan
plantae	bryophyta	pottiaceae	Tortula	obtusifolia	United States	Illinois	Clark
fungi	chytridiomycota	physodermataceae	Physoderma	maydis	United States	California	Ventura
plantae	tracheophyta	poaceae	Stipa	nelsonii	United States	Idaho	Butte
animalia	brachiopoda	spiriferidae	Spirifer	sp 1	United States	Illinois	Calhoun County
animalia	brachiopoda	spiriferidae	Spirifer	marionensis	United States	Tennessee	Decatur County
fungi	ascomycota	physciaceae	Pyxine	subcinerea	United States	South Carolina	Colleton Co.
fungi	ascomycota	parmeliaceae	Xanthoparmelia	conspersa	United States	Maine	Knox
plantae	marchantiophyta	frullaniaceae	Frullania	inflata	United States	Texas	Gregg County
animalia	mollusca	muricidae	Paciocinebrina	trophonoides	United States	California	Kern County
animalia	chordata	plethodontidae	Eurycea	quadridigitata	United States	Georgia	Tattnall
plantae	bryophyta	sphagnaceae	Sphagnum	angustifolium	United States	Alaska	Aleutians East
plantae	magnoliophyta	asteraceae	Anthemis	cotula	United States	Oklahoma	Bryan
plantae	tracheophyta	fabaceae	Enterolobium	schomburgkii	Peru	Pasco	Oxapampa
fungi	basidiomycota	agaricaceae	Bovista	plumbea	United States	Colorado	Denver
plantae	chlorophyta	ulvaceae	Ulva	prolifera	United States	Delaware	Sussex
plantae	tracheophyta	asteraceae	Erigeron	veracruzensis	Mexico	Mexico	Tenango Del Aire
plantae	charophyta	characeae	Chara	aspera	United States	California	Lake
plantae	chlorophyta	cladophoraceae	Cladophora	sericea	Sweden	Skåne	Malmö
fungi	chytridiomycota	physodermataceae	Physoderma	maydis	United States	Illinois	Franklin
plantae	bryophyta	pottiaceae	Hymenostylium	recurvirostre	United States	Missouri	Iron
plantae	rhodophyta	corallinaceae	Corallina	officinalis	Germany	Schleswig-Holstein	Pinneberg
fungi	cyanobacteria	scytonemataceae	Scytonema	hofmannii	United States	Iowa	Fayette County
plantae	rhodophyta	rhodomelaceae	Polysiphonia	fibrillosa	Denmark	Baltic Sea Around Møn	Bm
animalia	brachiopoda	rugosochonetidae	Mesolobus	mesolobus	United States	Illinois	Randolph County
plantae	magnoliophyta	poaceae	Erianthus	contortus	United States	Virginia	King George
animalia	mollusca	unionidae	Utterbackia	imbecillis	United States	Illinois	Williamson
fungi	basidiomycota	pucciniaceae	Puccinia	coronata	United States	South Dakota	Spink
plantae	tracheophyta	poaceae	Festuca	arundinacea	United States	Pennsylvania	Lehigh
fungi	basidiomycota	polyporaceae	Pycnoporus	cinnabarinus	United States	Arizona	Mohave
animalia	mollusca	veneridae	Chione	bisculpta	United States	Oregon	Coos County
animalia	chordata	cricetidae	Neotoma	fuscipes	United States	California	Napa
animalia	mollusca	unionidae	Anodonta	cataracta	United States	North Carolina	Orange
animalia	brachiopoda	spirigerellidae	Composita	subquadrata	United States	Kentucky	Breckinridge County
plantae	charophyta	characeae	Chara	tomentosa	France	Auvergne-Rhône-Alpes	Savoie
animalia	chordata	cricetidae	Reithrodontomys	raviventris	United States	California	Marin County
animalia	annelida	syllidae	Syllis	elongata	United States	California	San Francisco County
plantae	magnoliophyta	poaceae	Melica	nitens	United States	Kansas	Montgomery
plantae	magnoliophyta	fabaceae	Lupinus	perennis	United States	Pennsylvania	Chester
animalia	brachiopoda	spiriferidae	Spirifer	opimus	United States	Texas	Parker
plantae	marchantiophyta	frullaniaceae	Frullania	macrocephala	Mexico	Chiapas	La Trinitaria
plantae	bryophyta	pottiaceae	Syntrichia	intermedia	United States	Arizona	Gila Co.
plantae	tracheophyta	poaceae	Bromus	catharticus	United States	Louisiana	Plaquemines
plantae	spermatophyta	asteraceae	Arnica	nevadensis	United States	California	El Dorado County
fungi	chytridiomycota	synchytriaceae	Synchytrium	aecidioides	United States	New York	Queens
plantae	tracheophyta	fabaceae	Hosackia	oblongifolia	United States	California	San Bernardino County
plantae	tracheophyta	fabaceae	Astragalus	newberryi	United States	Arizona	Mohave County
plantae	magnoliophyta	fabaceae	Lupinus	albicaulis	United States	Washington	Klickitat
plantae	magnoliophyta	poaceae	Coleataenia	longifolia	United States	Oklahoma	Cleveland
plantae	bryophyta	pottiaceae	Tortula	arenacea	United States	Ohio	Fairfield County
plantae	charophyta	fabaceae	Lupinus	nevadensis	United States	Nevada	Humboldt County
plantae	bryophyta	dicranaceae	Dicranum	undulatum	United States	Maine	Hancock
animalia	bryozoa	rhabdomesidae	Rhombopora	attenuata	United States	Colorado	Douglas
plantae	tracheophyta	fabaceae	Desmodium	laevigatum	United States	Maryland	Talbot
fungi	ascomycota	parmeliaceae	Parmeliopsis	hyperopta	Sweden	Åsele Lappmark	Vilhelmina
plantae	spermatophyta	fabaceae	Lupinus	perennis	United States	New Jersey	Cumberland
fungi	basidiomycota	pucciniaceae	Puccinella	graminicola	United States	Kansas	Rooks
plantae	marchantiophyta	lejeuneaceae	Cheilolejeunea	unciloba	United States	Missouri	Oregon
animalia	mollusca	muricidae	Phyllonotus	pomum	United States	South Carolina	Horry County
plantae	spermatophyta	asteraceae	Werneria	nubigena	Mexico	Chiapas	Union Juarez Municipio
animalia	bryozoa	smittinidae	Parasmittina	raigiformis	United States	Hawaii	Kauai
plantae	rhodophyta	rhodomelaceae	Polysiphonia	elongata	United States	Massachusetts	Dukes Co.
fungi	chytridiomycota	synchytriaceae	Synchytrium	anemones	United States	Pennsylvania	Monroe Co.
plantae	dicotyledon	myrtaceae	Myrcia	fallax	Brasil	Mato Grosso	Campo Novo Dos Parecis
fungi	ascomycota	parmeliaceae	Parmeliopsis	ambigua	United States	Arizona	Graham
fungi	basidiomycota	polyporaceae	Lenzites	sepiaria	United States	New York	Warren
animalia	mollusca	unionidae	Venustaconcha	ellipsiformis	United States	Illinois	Kankakee
animalia	chordata	cricetidae	Neotoma	lepida	United States	California	Inyo County
plantae	tracheophyta	poaceae	Atractantha	cardinalis	Brazil	Bahia	Maraú
plantae	marchantiophyta	lejeuneaceae	Lejeunea	flava	United States	Louisiana	Saint John The Baptist
plantae	bryophyta	dicranaceae	Dicranum	spurium	United States	Ohio	Jackson Co.
fungi	ascomycota	physciaceae	Calicium	viride	United States	Oregon	Jackson
plantae	charophyta	characeae	Nitella	flexilis	United States	Vermont	Orleans Co.
plantae	tracheophyta	poaceae	Chasmanthium	latifolium	United States	Kentucky	Muhlenberg
plantae	spermatophyta	asteraceae	Eurybia	compacta	United States	North Carolina	Pitt
plantae	marchantiophyta	lejeuneaceae	Cyclolejeunea	convexistipa	Venezuela	Amazonas	Río Negro Mun.
animalia	chordata	plethodontidae	Plethodon	glutinosus	United States	Virginia	Washington
plantae	bryophyta	dicranaceae	Dicranoweisia	crispula	United States	Washington	Okanogan
plantae	rhodophyta	ceramiaceae	Ceramium	tenuicorne	Denmark	Baltic Sea Around Møn	Bm
animalia	echinodermata	holothuriidae	Holothuria	olivacea	Mariana Islands	Guam	Guam Island
plantae	spermatophyta	fabaceae	Cercis	occidentalis	United States	Arizona	Coconino County
plantae	magnoliophyta	fabaceae	Dicorynia	paraensis	Brazil	Amazonas	Manaus Mun.
plantae	rhodophyta	rhodomelaceae	Polysiphonia	tripinnata	United States	California	Santa Barbara
plantae	magnoliophyta	asteraceae	Lactuca	canadensis	United States	Virginia	Henrico
plantae	chlorophyta	ulvaceae	Ulva	intestinalis	United States	California	Orange
plantae	magnoliophyta	asteraceae	Latreillea	peruviana	Peru	Loreto	Maynas (Prov.)
plantae	dicotyledon	myrtaceae	Eugenia	pyriformis	Brasil	Paraná	Curitiba
plantae	marchantiophyta	frullaniaceae	Frullania	selwyniana	United States	Maine	Franklin County
animalia	mollusca	muricidae	Nucella	emarginata	United States	California	Humboldt County
plantae	tracheophyta	poaceae	Arundinaria	gigantea	United States	Missouri	Mississippi
fungi	basidiomycota	polyporaceae	Lentinus	tigrinus	United States	Ohio	Portage
plantae	charophyta	characeae	Nitella	flexilis	Denmark	North Sea	Ns
fungi	chytridiomycota	physodermataceae	Physoderma	maculare	United States	Washington	Chelan Or King
plantae	rhodophyta	ceramiaceae	Ceramium	arborescens	Canada	Quebec	Le Rocher-Percé Regional Municipality
fungi	chytridiomycota	synchytriaceae	Synchytrium	aecidioides	United States	Wisconsin	Sauk
plantae	tracheophyta	asteraceae	Agoseris	monticola	United States	California	Plumas
plantae	spermatophyta	fabaceae	Lathyrus	venosus	United States	Minnesota	Lake Of The Woods
animalia	arthropoda	formicidae	Lasius	humilis	United States	Colorado	Garfield
fungi	ascomycota	parmeliaceae	Platismatia	tuckermanii	United States	Wisconsin	Forest
plantae	marchantiophyta	lejeuneaceae	Lejeunea	laetevirens	United States	Florida	Clay Co.
animalia	arthropoda	carabidae	Cicindela	oregona	United States	California	Humboldt County
animalia	bryozoa	smittinidae	Pleurocodonellina	signata	United States	Florida	Monroe County
plantae	magnoliophyta	poaceae	Panicum	laxiflorum	United States	Arkansas	Union
plantae	marchantiophyta	frullaniaceae	Frullania	inflata	United States	Texas	Culberson County
fungi	cyanobacteria	scytonemataceae	Scytonema	hofmannii	United States	Wyoming	Park County
fungi	basidiomycota	pucciniaceae	Puccinia	cardamines-bellidifoliae	Finland	Lapponia Enontekiensis	Enontekiö
plantae	rhodophyta	rhodomelaceae	Amplisiphonia	pacifica	United States	California	Orange County
plantae	magnoliophyta	poaceae	Elymus	canadensis	United States	Iowa	Winnebago Co.
animalia	arthropoda	apidae	Eucera	speciosa	United States	Utah	Emery
animalia	cnidaria	faviidae	Prionastrea	angustata	France	Champagne-Ardenne	Ardennes
plantae	spermatophyta	orchidaceae	Maxillaria	ramonensis	Costa Rica	Alajuela	Alajuela
animalia	brachiopoda	spirigerellidae	Composita	gibbosa	United States	Oklahoma	Coal
plantae	marchantiophyta	scapaniaceae	Lophozia	bicrenata	Denmark	Sjælland	Lyngby-Taarbæk
animalia	chordata	cricetidae	Peromyscus	maniculatus	United States	Kansas	Mitchell
plantae	bryophyta	pottiaceae	Leptodontium	capituligerum	Bolivia	Chuquisaca	Oropeza
fungi	ascomycota	physciaceae	Physconia	distorta	Sweden	Skåne	Torekov
plantae	tracheophyta	asteraceae	Aster	cordifolius	United States	Pennsylvania	Allegheny
plantae	rhodophyta	rhodomelaceae	Pterosiphonia	hamata	United States	Washington	Island
animalia	echinodermata	holothuriidae	Bohadschia	vitiensis	Marshall Islands	Marshall Islands	Majuro Atoll
plantae	bryophyta	sphagnaceae	Sphagnum	cuspidatum	Norway	Vestland	Kvam
fungi	chytridiomycota	synchytriaceae	Synchytrium	decipiens	United States	Pennsylvania	Westmoreland
plantae	magnoliophyta	fabaceae	Lathyrus	venosus	United States	Indiana	Harrison
plantae	charophyta	characeae	Chara	hispida	Sweden	Skã¥Ne	Lomma
fungi	ascomycota	cladoniaceae	Cladonia	botrytes	Canada	Newfoundland And Labrador	Humber East Distr.
fungi	basidiomycota	pucciniaceae	Gymnosporangium	clavipes	Mexico	Jalisco	Zapotlan El Grande
plantae	rhodophyta	rhodomelaceae	Palisada	perforata	Mexico	No Disponible	No Disponible
plantae	tracheophyta	asteraceae	Symphyotrichum	oolentangiense	United States	Indiana	St. Joseph
plantae	magnoliophyta	poaceae	Koeleria	macrantha	United States	Utah	Uintah
animalia	echinodermata	amphiuridae	Amphioplus	abditus	United States	Massachusetts	Dukes County
plantae	tracheophyta	poaceae	Agrostis	hyemalis	United States	Wisconsin	St. Croix
animalia	arthropoda	formicidae	Pheidole	dentata	United States	North Carolina	Edgecombe
plantae	marchantiophyta	scapaniaceae	Scapania	subalpina	United States	Wisconsin	Bayfield
plantae	tracheophyta	fabaceae	Dalbergia	sissoo	United States	Florida	Miami-Dade
plantae	dicotyledon	myrtaceae	Psidium	incanum	Brasil	Rio Grande Do Sul	São Vicente Do Sul
animalia	mollusca	unionidae	Lampsilis	cardium	United States	Pennsylvania	Crawford County
plantae	tracheophyta	poaceae	Arrhenatherum	elatius	United States	California	Yolo
plantae	charophyta	poaceae	Echinochloa	crusgalli	United States	Illinois	Jackson
fungi	cyanobacteria	scytonemataceae	Scytonema	hofmannii	Philippines	Bicol	Albay / Camarines Sur
fungi	ascomycota	cladoniaceae	Cladonia	humilis	United States	South Dakota	Lawrence
plantae	spermatophyta	fabaceae	Trifolium	amabile	Mexico	Chiapas	Siltepec Municipio
plantae	magnoliophyta	poaceae	Setaria	faberi	United States	Virginia	York
plantae	chlorophyta	ulvaceae	Ulva	lobata	United States	California	Santa Barbara County
animalia	annelida	nereididae	Nereis	vexillosa	United States	Washington	King County
fungi	ascomycota	physciaceae	Physcia	millegrana	United States	Wisconsin	Burnett
plantae	marchantiophyta	frullaniaceae	Frullania	eboracensis	United States	Vermont	Addison Co.
animalia	cnidaria	acroporidae	Acropora	palmata	United States	North Carolina	Beaufort County
animalia	cnidaria	plexauridae	Eunicea	calyculata	United States	Florida	Monroe
plantae	spermatophyta	asteraceae	Coreopsis	verticillata	United States	Virginia	Chesterfield
plantae	chlorophyta	ulvaceae	Ulva	flexuosa	United States	Texas	Nueces Co.
fungi	ascomycota	physciaceae	Rinodina	exigua	United States	New York	Ulster
animalia	mollusca	veneridae	Nutricola	humilis	Mexico	Baja California [Norte]	Bahia De Los Angeles
fungi	basidiomycota	polyporaceae	Trichaptum	biforme	United States	Indiana	Tippecanoe Co.
animalia	arthropoda	carabidae	Selenophorus	aequinoctialis	United States	Arizona	Santa Cruz
plantae	charophyta	characeae	Chara	braunii	United States	Wisconsin	Waukesha Co.
animalia	mollusca	muricidae	Acanthinucella	punctulata	United States	California	California Channel Ids.
plantae	spermatophyta	fabaceae	Cercis	canadensis	United States	Virginia	Surry
plantae	rhodophyta	rhodomelaceae	Polysiphonia	hendryi	United States	California	San Diego
plantae	rhodophyta	corallinaceae	Haliptylon	gracile	United States	California	Los Angeles
animalia	brachiopoda	spirigerellidae	Composita	elongata	United States	Oklahoma	Johnston
plantae	bryophyta	pottiaceae	Weissia	ligulaefolia	United States	New Mexico	Quar
plantae	spermatophyta	fabaceae	Lathyrus	latifolius	United States	Kentucky	Calloway
plantae	magnoliophyta	fabaceae	Dalea	albiflora	United States	New Mexico	Grant
plantae	magnoliophyta	fabaceae	Melilotus	indicus	United States	Louisiana	Claiborne
